<Workspace xmlns:dbaudit="http://www.rightnow.com/schemas/dbaudit" ServerVersion="Oracle Service Cloud 18A SP4 (Build 260 - 06/22/2018 08:56)&#xD;&#xA; CE Version: rnw-release-18-2-0-1-sp4 PL: " ClientVersion="18.2.0.260" Type="BLDialogue$BLAccount" UIType="Custom" IsMultiEdit="False" ClassId="10019" SpellCheckOnSave="False" SpellCheckAllowCancel="False" BrowserCompatibilityMode="False"><RecordTypes><RecordType Id="10019" Name="BLDialogue$BLAccount" /></RecordTypes><Ribbon><RibbonTab TextLabelName="HOME_LBL"><RibbonGroup TextLabelName="SAVE_CMD"><RibbonButtonItem ItemId="Save" /><RibbonButtonItem ItemId="SaveAndClose" /></RibbonGroup><RibbonGroup TextLabelName="ACTIONS_LBL"><RibbonButtonItem ItemId="New" /><RibbonButtonItem ItemId="Refresh" /><RibbonButtonItem ItemId="Copy" ButtonSize="Small" /><RibbonButtonItem ItemId="Delete" ButtonSize="Small" /></RibbonGroup><RibbonGroup TextLabelName="PROOFING_LBL"><RibbonButtonItem ItemId="SpellCheck" /></RibbonGroup><RibbonGroup TextLabelName="LINKS_AND_INFO_LBL"><RibbonButtonItem ItemId="EditorLinks"><Links><LinkItem Title="Oracle Service Cloud" Url="http://cloud.oracle.com/service" /></Links></RibbonButtonItem><RibbonButtonItem ItemId="Separator" /><RibbonButtonItem ItemId="Info" /></RibbonGroup></RibbonTab></Ribbon><QuickAccessToolbar><QuickAccessToolbarItem ItemId="New" /><QuickAccessToolbarItem ItemId="Save" /><QuickAccessToolbarItem ItemId="SaveAndClose" /></QuickAccessToolbar><Info><InfoItem ObjectId="BLDialogue$BLAccount" FieldId="Id" /></Info><Table BackColor="Transparent" ColumnCount="2" RowCount="13" ForeColor="Black" Margin="3, 7, 3, 7" Id="636416072339741736"><TitleBar Row="0" Column="0" ColumnSpan="2" TextAlign="MiddleLeft" Text="BLAccount Settings" Font="Microsoft Sans Serif, 8.25pt, style=Bold" ForeColor="Black" Height="18" Margin="3, 0, 3, 0" Id="636440098672328862" /><Field Row="1" Column="0" ObjectId="BLDialogue$BLAccount" FieldId="BLAccountSID" TabIndex="2" TrimTextWhitespace="True" SpellCheck="False" Multiline="False" AcceptsReturn="False" Id="636683242319947642" /><Field Row="1" Column="1" ObjectId="BLDialogue$BLAccount" FieldId="Id" TabIndex="1" TrimTextWhitespace="False" SpellCheck="False" Multiline="False" AcceptsReturn="False" Id="636683242260322193" /><Field Row="2" Column="0" ObjectId="BLDialogue$BLAccount" FieldId="BLAccountPWD" TabIndex="3" TrimTextWhitespace="True" SpellCheck="False" Multiline="False" AcceptsReturn="False" Id="636683242339457737" /><Field Row="2" Column="1" ObjectId="BLDialogue$BLAccount" FieldId="BLToken" TabIndex="4" ReadOnlyOption="OnEdit:~any~" TrimTextWhitespace="True" SpellCheck="False" Multiline="False" AcceptsReturn="False" Id="636429940395833921" /><Field Row="3" Column="0" ObjectId="BLDialogue$BLAccount" FieldId="BLAccountURL" TabIndex="18" TrimTextWhitespace="True" SpellCheck="False" Multiline="False" AcceptsReturn="False" Id="636683242357142891" /><Field Row="3" Column="1" ObjectId="BLDialogue$BLAccount" FieldId="UpdatedByAccount" TabIndex="16" FilterType="AllAccounts" Id="636673757912883414" /><Field Row="4" Column="0" ObjectId="BLDialogue$BLAccount" FieldId="CustomerDomain" TabIndex="35" TrimTextWhitespace="True" SpellCheck="False" Multiline="False" AcceptsReturn="False" Id="636683242378123065" /><Field Row="4" Column="1" ObjectId="BLDialogue$BLAccount" FieldId="UpdatedTime" TabIndex="17" Id="636673757947861288" /><TitleBar Row="5" Column="0" ColumnSpan="2" TextAlign="MiddleLeft" Text="SMS Settings" Font="Microsoft Sans Serif, 8.25pt, style=Bold" ForeColor="Black" Height="18" Margin="3, 0, 3, 0" Id="636683242984383223" /><Field Row="6" Column="0" ObjectId="BLDialogue$BLAccount" FieldId="SMSMessagePrefix" TabIndex="27" TrimTextWhitespace="True" SpellCheck="False" Multiline="False" AcceptsReturn="False" /><Field Row="6" Column="1" ObjectId="BLDialogue$BLAccount" FieldId="SMSMessageSuffix" TabIndex="28" TrimTextWhitespace="True" SpellCheck="False" Multiline="False" AcceptsReturn="False" Id="636682197624988292" /><Field Row="7" Column="0" ObjectId="BLDialogue$BLAccount" FieldId="SMSIncidentOutbound" TabIndex="23" Id="636674568024553274" /><Field Row="7" Column="1" ObjectId="BLDialogue$BLAccount" FieldId="SMSIncidentInbound" TabIndex="29" Id="636682198384621740" /><Field Row="8" Column="0" ObjectId="BLDialogue$BLAccount" FieldId="SMSIncidentOutboundQueue" TabIndex="24" TrimTextWhitespace="True" SpellCheck="False" Multiline="False" AcceptsReturn="False" Id="636674568066875529" /><Field Row="8" Column="1" ObjectId="BLDialogue$BLAccount" FieldId="SMSIncidentInboundQueue" TabIndex="20" TrimTextWhitespace="True" SpellCheck="False" Multiline="False" AcceptsReturn="False" Id="636682198490057771" /><Field Row="9" Column="0" ObjectId="BLDialogue$BLAccount" FieldId="SMSIncidentOutboundStatus" TabIndex="25" TrimTextWhitespace="True" SpellCheck="False" Multiline="False" AcceptsReturn="False" Id="636674568099891088" /><Field Row="9" Column="1" ObjectId="BLDialogue$BLAccount" FieldId="SMSIncidentInboundStatus" TabIndex="21" TrimTextWhitespace="True" SpellCheck="False" Multiline="False" AcceptsReturn="False" Id="636682198541740727" /><Field Row="10" Column="0" ObjectId="BLDialogue$BLAccount" FieldId="SMSIncidentOutboundSubject" TabIndex="26" TrimTextWhitespace="True" SpellCheck="False" Multiline="False" AcceptsReturn="False" Id="636674568129589233" /><Field Row="10" Column="1" ObjectId="BLDialogue$BLAccount" FieldId="SMSIncidentInboundSubject" TabIndex="22" TrimTextWhitespace="True" SpellCheck="False" Multiline="False" AcceptsReturn="False" Id="636682198590353508" /><Field Row="11" Column="0" ObjectId="BLDialogue$BLAccount" FieldId="SMSOptOutKeyword" TabIndex="31" TrimTextWhitespace="True" SpellCheck="False" Multiline="False" AcceptsReturn="False" /><Field Row="11" Column="1" ObjectId="BLDialogue$BLAccount" FieldId="SMSOptInKeyword" TabIndex="33" TrimTextWhitespace="True" SpellCheck="False" Multiline="False" AcceptsReturn="False" Id="636682199720738162" /><Field Row="12" Column="0" ObjectId="BLDialogue$BLAccount" FieldId="SMSOptOutMsg" TabIndex="32" TrimTextWhitespace="True" SpellCheck="False" Multiline="False" AcceptsReturn="False" Id="636682199755790167" /><Field Row="12" Column="1" ObjectId="BLDialogue$BLAccount" FieldId="SMSOptInMsg" TabIndex="34" TrimTextWhitespace="True" SpellCheck="False" Multiline="False" AcceptsReturn="False" Id="636683242747026291" /></Table></Workspace>
<!--NiyYk4ntltmt45a1105PmJBf7gb9rgZ6/w==-->
