<Workspace xmlns:dbaudit="http://www.rightnow.com/schemas/dbaudit" ServerVersion="Oracle Service Cloud February 2017 SP5 (Build 258 - 09/22/2017 16:10)&#xD;&#xA; CE Version: rnw-release-17-2-0-1-sp5 PL: " ClientVersion="17.2.0.258" Type="BLDialogue$BLCampaigns" UIType="Custom" IsMultiEdit="False" ClassId="10113" SpellCheckOnSave="False" SpellCheckAllowCancel="False" BrowserCompatibilityMode="False"><RecordTypes><RecordType Id="10113" Name="BLDialogue$BLCampaigns" /></RecordTypes><Ribbon><RibbonTab TextLabelName="HOME_LBL"><RibbonGroup TextLabelName="SAVE_CMD"><RibbonButtonItem ItemId="Save" /><RibbonButtonItem ItemId="SaveAndClose" /></RibbonGroup><RibbonGroup TextLabelName="ACTIONS_LBL"><RibbonButtonItem ItemId="New" /><RibbonButtonItem ItemId="Refresh" /><RibbonButtonItem ItemId="Copy" ButtonSize="Small" /><RibbonButtonItem ItemId="Delete" ButtonSize="Small" /></RibbonGroup><RibbonGroup TextLabelName="PROOFING_LBL"><RibbonButtonItem ItemId="SpellCheck" /></RibbonGroup><RibbonGroup TextLabelName="LINKS_AND_INFO_LBL"><RibbonButtonItem ItemId="EditorLinks"><Links><LinkItem Title="Oracle Service Cloud" Url="http://cloud.oracle.com/service" /></Links></RibbonButtonItem><RibbonButtonItem ItemId="Separator" /><RibbonButtonItem ItemId="Info" /></RibbonGroup></RibbonTab></Ribbon><QuickAccessToolbar><QuickAccessToolbarItem ItemId="New" /><QuickAccessToolbarItem ItemId="Save" /><QuickAccessToolbarItem ItemId="SaveAndClose" /></QuickAccessToolbar><Info><InfoItem ObjectId="BLDialogue$BLCampaigns" FieldId="Id" /><InfoItem ObjectId="BLDialogue$BLCampaigns" FieldId="CreatedTime" /></Info><Table ColumnCount="1" RowCount="21" ForeColor="Black" BackColor="Transparent"><TitleBar Row="0" Column="0" Height="18" TextAlign="MiddleLeft" Text="BLCampaigns WorkSpace" Font="Microsoft Sans Serif, 8.25pt, style=Bold" ForeColor="Black" Margin="3, 0, 3, 0" Id="636440099196490828" /><Field Row="1" Column="0" ObjectId="BLDialogue$BLCampaigns" FieldId="Id" TabIndex="1" TrimTextWhitespace="False" SpellCheck="False" Multiline="False" AcceptsReturn="False" /><Field Row="2" Column="0" ObjectId="BLDialogue$BLCampaigns" FieldId="CampaignName" TabIndex="2" TrimTextWhitespace="True" SpellCheck="False" Multiline="False" AcceptsReturn="False" Id="636428888889635763" /><Field Row="3" Column="0" ObjectId="BLDialogue$BLCampaigns" FieldId="ContactListID" TabIndex="3" Increment="1" Id="636428888907576789" /><Field Row="4" Column="0" ObjectId="BLDialogue$BLCampaigns" FieldId="CreatedTime" TabIndex="4" Id="636428888702625067" /><Field Row="5" Column="0" ObjectId="BLDialogue$BLCampaigns" FieldId="AgentID" TabIndex="5" ReportId="13067" /><Field Row="6" Column="0" ObjectId="BLDialogue$BLCampaigns" FieldId="RunTime" TabIndex="6" /><Field Row="7" Column="0" ObjectId="BLDialogue$BLCampaigns" FieldId="AlphaNumeric" TabIndex="7" Id="636428888597309043" /><Field Row="8" Column="0" ObjectId="BLDialogue$BLCampaigns" FieldId="OptOutOverride" TabIndex="8" /><Field Row="10" Column="0" ObjectId="BLDialogue$BLCampaigns" FieldId="MessageType" TabIndex="9" TrimTextWhitespace="True" SpellCheck="False" Multiline="False" AcceptsReturn="False" /><Field Row="11" Column="0" ObjectId="BLDialogue$BLCampaigns" FieldId="MessageBody" TabIndex="10" TrimTextWhitespace="True" SpellCheck="False" Multiline="True" AcceptsReturn="True" Height="60" ScrollBars="Vertical" /><Field Row="12" Column="0" ObjectId="BLDialogue$BLCampaigns" FieldId="StartTime" TabIndex="11" Id="636428888522354756" /><Field Row="13" Column="0" ObjectId="BLDialogue$BLCampaigns" FieldId="FinishTime" TabIndex="12" Id="636428888500333496" /><Field Row="14" Column="0" ObjectId="BLDialogue$BLCampaigns" FieldId="AudienceCount" TabIndex="13" Increment="1" Id="636428888304622302" /><Field Row="15" Column="0" ObjectId="BLDialogue$BLCampaigns" FieldId="OptOutCount" TabIndex="14" Increment="1" /><Field Row="18" Column="0" ObjectId="BLDialogue$BLCampaigns" FieldId="StatusOrExceptionCode" TabIndex="15" TrimTextWhitespace="True" SpellCheck="False" Multiline="False" AcceptsReturn="False" /><Field Row="19" Column="0" ObjectId="BLDialogue$BLCampaigns" FieldId="StatusOrExceptionReason" TabIndex="16" TrimTextWhitespace="True" SpellCheck="False" Multiline="False" AcceptsReturn="False" /><Field Row="20" Column="0" ObjectId="BLDialogue$BLCampaigns" FieldId="StatusOrExceptionDescription" TabIndex="17" TrimTextWhitespace="True" SpellCheck="False" Multiline="False" AcceptsReturn="False" /></Table></Workspace>
<!--O7/O9H8hjOxN6vfIuu+sukDpBimMRgbmSA==-->
