<Workspace xmlns:dbaudit="http://www.rightnow.com/schemas/dbaudit" ServerVersion="Oracle Service Cloud 18B SP2 (Build 274 - 08/01/2018 16:39)&#xD;&#xA; CE Version: rnw-release-18-5-0-1-sp2 PL: " ClientVersion="18.5.0.274" Type="Contact" UIType="Contact" IsMultiEdit="False" SpellCheckOnSave="False" SpellCheckAllowCancel="False" BrowserCompatibilityMode="False"><RecordTypes><RecordType Id="6" Name="Contact" /><RecordType Id="7" Name="Org" /><RecordType Id="1" Name="Incident" /><RecordType Id="5" Name="Opportunity" /><RecordType Id="8" Name="Task" /><RecordType Id="49" Name="Chat" /><RecordType Id="126" Name="Asset" /><RecordType Id="152" Name="Interaction" /></RecordTypes><Ribbon><RibbonTab TextLabelName="HOME_LBL"><RibbonGroup TextLabelName="SAVE_CMD"><RibbonButtonItem ItemId="Save" /><RibbonButtonItem ItemId="SaveAndClose" /></RibbonGroup><RibbonGroup TextLabelName="ACTIONS_LBL"><RibbonButtonItem ItemId="New" /><RibbonButtonItem ItemId="Refresh" /><RibbonButtonItem ItemId="Appointment" /><RibbonButtonItem ItemId="Print" ButtonSize="Small" /><RibbonButtonItem ItemId="Copy" ButtonSize="Small" /><RibbonButtonItem ItemId="Delete" ButtonSize="Small" /><RibbonButtonItem ItemId="Separator" /><RibbonButtonItem ItemId="ResetPassword" /></RibbonGroup><RibbonGroup TextLabelName="PROOFING_LBL"><RibbonButtonItem ItemId="SpellCheck" /></RibbonGroup><RibbonGroup TextLabelName="LINKS_AND_INFO_LBL"><RibbonButtonItem ItemId="EditorLinks"><Links><LinkItem Title="Oracle Service Cloud" Url="http://cloud.oracle.com/service" /></Links></RibbonButtonItem><RibbonButtonItem ItemId="Separator" /><RibbonButtonItem ItemId="Info" /></RibbonGroup></RibbonTab></Ribbon><QuickAccessToolbar><QuickAccessToolbarItem ItemId="New" /><QuickAccessToolbarItem ItemId="Save" /><QuickAccessToolbarItem ItemId="SaveAndClose" /><QuickAccessToolbarItem ItemId="Print" /></QuickAccessToolbar><Flag Visible="False" /><Info><InfoItem ObjectId="Contact" FieldId="CId" /><InfoItem ObjectId="Contact" FieldId="Created" /><InfoItem ObjectId="Contact" FieldId="Updated" /><InfoItem ObjectId="Contact" FieldId="RuleState" /></Info><TabSet CanReorderTabs="True" WrapTabs="True" SummaryPanelAlignment="FirstTab" ThresholdHeight="410" SummaryPanelHeight="1" Margin="0, 0, 0, 0" TabIndex="3" TabAlignment="Left" Id="636429914404949246" SummaryTab="1"><Tab Text="SMS History" TextColor="" Id="636428343976533702"><Table BackColor="Transparent" ColumnCount="4" RowCount="3" ForeColor="Black" Id="636446160231619963"><Field Row="0" Column="0" ObjectId="Contact" FieldId="BLDialogue$sms_opt_out" TabIndex="1" LabelText="SMS Opt-Out" Id="636429935388264055" /><Spacer Row="0" Column="1" Height="24" /><Spacer Row="0" Column="2" Height="24" /><Spacer Row="0" Column="3" Height="24" /><Report Row="1" Column="0" ColumnSpan="4" AcId="101629" SearchReportId="0" ExecuteOnNew="False" DelayReportExecution="True" ShowRowCount="True" TabIndex="0" NewRecordsInSeparateWorkgroup="False" OpenRecordsInSeparateWorkgroup="False" DeleteRecordsImmediately="False" HideReportCommands="True" HideOptionsButton="True" Id="636429931477600242" /><Report Row="2" Column="0" ColumnSpan="4" AcId="101628" SearchReportId="0" ExecuteOnNew="False" DelayReportExecution="True" ShowRowCount="False" TabIndex="1" NewRecordsInSeparateWorkgroup="False" OpenRecordsInSeparateWorkgroup="False" DeleteRecordsImmediately="False" HideReportCommands="True" HideOptionsButton="True" Id="636429931574730378" /></Table></Tab><Tab Text="Summary" TextColor="" /></TabSet></Workspace>
<!--o4EmGsrt0Rv6Kfmp752MiaVstQyHgWPvmw==-->
