<Workspace xmlns:dbaudit="http://www.rightnow.com/schemas/dbaudit" ServerVersion="Oracle Service Cloud 18B SP2 (Build 274 - 08/01/2018 16:39)&#xD;&#xA; CE Version: rnw-release-18-5-0-1-sp2 PL: " ClientVersion="18.5.0.274" Type="BLDialogue$BLInboundMessage" UIType="Custom" IsMultiEdit="False" ClassId="10412" SpellCheckOnSave="False" SpellCheckAllowCancel="False" BrowserCompatibilityMode="False"><RecordTypes><RecordType Id="10412" Name="BLDialogue$BLInboundMessage" /><RecordType Id="6" Name="Contact" /></RecordTypes><Ribbon><RibbonTab TextLabelName="HOME_LBL"><RibbonGroup TextLabelName="SAVE_CMD"><RibbonButtonItem ItemId="Save" /><RibbonButtonItem ItemId="SaveAndClose" /></RibbonGroup><RibbonGroup TextLabelName="ACTIONS_LBL"><RibbonButtonItem ItemId="New" /><RibbonButtonItem ItemId="Refresh" /><RibbonButtonItem ItemId="Copy" ButtonSize="Small" /><RibbonButtonItem ItemId="Delete" ButtonSize="Small" /></RibbonGroup><RibbonGroup TextLabelName="PROOFING_LBL"><RibbonButtonItem ItemId="SpellCheck" /></RibbonGroup><RibbonGroup TextLabelName="LINKS_AND_INFO_LBL"><RibbonButtonItem ItemId="EditorLinks"><Links><LinkItem Title="Oracle Service Cloud" Url="http://cloud.oracle.com/service" /></Links></RibbonButtonItem><RibbonButtonItem ItemId="Separator" /><RibbonButtonItem ItemId="Info" /></RibbonGroup></RibbonTab></Ribbon><QuickAccessToolbar><QuickAccessToolbarItem ItemId="New" /><QuickAccessToolbarItem ItemId="Save" /><QuickAccessToolbarItem ItemId="SaveAndClose" /></QuickAccessToolbar><Info><InfoItem ObjectId="BLDialogue$BLInboundMessage" FieldId="Id" /></Info><Table BackColor="Transparent" ColumnCount="1" RowCount="15" ForeColor="Black" Margin="3, 4, 3, 4"><TitleBar Row="0" Column="0" TextAlign="MiddleLeft" Text="BLInboundMessage WorkSpace" Font="Microsoft Sans Serif, 8.25pt, style=Bold" ForeColor="Black" Height="18" Margin="3, 0, 3, 0" Id="636440099940133464" /><Field Row="1" Column="0" ObjectId="BLDialogue$BLInboundMessage" FieldId="Id" TabIndex="1" TrimTextWhitespace="False" SpellCheck="False" Multiline="False" AcceptsReturn="False" /><Field Row="2" Column="0" ObjectId="BLDialogue$BLInboundMessage" FieldId="ReceiveTime" TabIndex="2" /><Field Row="3" Column="0" ObjectId="BLDialogue$BLInboundMessage" FieldId="FromNumber" TabIndex="3" TrimTextWhitespace="True" SpellCheck="False" Multiline="False" AcceptsReturn="False" Id="636428878419478136" /><Field Row="4" Column="0" ObjectId="BLDialogue$BLInboundMessage" FieldId="MessageBody" TabIndex="4" TrimTextWhitespace="True" SpellCheck="False" Multiline="False" AcceptsReturn="False" Id="636428878473188451" /><Field Row="5" Column="0" ObjectId="BLDialogue$BLInboundMessage" FieldId="MessageType" TabIndex="5" TrimTextWhitespace="True" SpellCheck="False" Multiline="False" AcceptsReturn="False" Id="636428878551308800" /><Field Row="6" Column="0" ObjectId="BLDialogue$BLInboundMessage" FieldId="OptOutIndicator" TabIndex="6" Id="636452159151995801" /><Field Row="7" Column="0" ObjectId="BLDialogue$BLInboundMessage" FieldId="ContactID" TabIndex="7" ReportId="8014" /><Field Row="8" Column="0" ObjectId="BLDialogue$BLInboundMessage" FieldId="IncidentID" TabIndex="14" Increment="1" /><Field Row="9" Column="0" ObjectId="BLDialogue$BLInboundMessage" FieldId="CampaignID" TabIndex="8" ReportId="35965" /><Field Row="10" Column="0" ObjectId="BLDialogue$BLInboundMessage" FieldId="OutboundID" TabIndex="9" ReportId="35967" /><Field Row="11" Column="0" ObjectId="BLDialogue$BLInboundMessage" FieldId="ConversationSID" TabIndex="10" TrimTextWhitespace="True" SpellCheck="False" Multiline="False" AcceptsReturn="False" /><Field Row="12" Column="0" ObjectId="BLDialogue$BLInboundMessage" FieldId="StatusOrExceptionCode" TabIndex="11" TrimTextWhitespace="True" SpellCheck="False" Multiline="False" AcceptsReturn="False" /><Field Row="13" Column="0" ObjectId="BLDialogue$BLInboundMessage" FieldId="StatusOrExceptionReason" TabIndex="12" TrimTextWhitespace="True" SpellCheck="False" Multiline="False" AcceptsReturn="False" /><Field Row="14" Column="0" ObjectId="BLDialogue$BLInboundMessage" FieldId="StatusOrExceptionDescription" TabIndex="13" TrimTextWhitespace="True" SpellCheck="False" Multiline="False" AcceptsReturn="False" /></Table></Workspace>
<!--ff7VJ0msqwVvf0MwYcE1oqB1WeRtN8ynurSn-->
