<Workspace xmlns:dbaudit="http://www.rightnow.com/schemas/dbaudit" ServerVersion="Oracle Service Cloud 18C (Build 262 - 08/16/2018 08:59)&#xD;&#xA; CE Version: allsites-rnw-release-18-8-0-1 PL: " ClientVersion="18.8.0.262" Type="BlueLeapCTI$InteractionLog" UIType="Custom" IsMultiEdit="False" ClassId="10408" SpellCheckOnSave="False" SpellCheckAllowCancel="False" BrowserCompatibilityMode="False"><RecordTypes><RecordType Id="10408" Name="BlueLeapCTI$InteractionLog" /><RecordType Id="6" Name="Contact" /><RecordType Id="1" Name="Incident" /></RecordTypes><Ribbon><RibbonTab TextLabelName="HOME_LBL"><RibbonGroup TextLabelName="SAVE_CMD"><RibbonButtonItem ItemId="Save" /><RibbonButtonItem ItemId="SaveAndClose" /></RibbonGroup><RibbonGroup TextLabelName="ACTIONS_LBL"><RibbonButtonItem ItemId="New" /><RibbonButtonItem ItemId="Refresh" /><RibbonButtonItem ItemId="Copy" ButtonSize="Small" /><RibbonButtonItem ItemId="Delete" ButtonSize="Small" /></RibbonGroup><RibbonGroup TextLabelName="PROOFING_LBL"><RibbonButtonItem ItemId="SpellCheck" /></RibbonGroup><RibbonGroup TextLabelName="LINKS_AND_INFO_LBL"><RibbonButtonItem ItemId="EditorLinks"><Links><LinkItem Title="Oracle Service Cloud" Url="http://cloud.oracle.com/service" /></Links></RibbonButtonItem><RibbonButtonItem ItemId="Separator" /><RibbonButtonItem ItemId="Info" /></RibbonGroup></RibbonTab></Ribbon><QuickAccessToolbar><QuickAccessToolbarItem ItemId="New" /><QuickAccessToolbarItem ItemId="Save" /><QuickAccessToolbarItem ItemId="SaveAndClose" /></QuickAccessToolbar><Info><InfoItem ObjectId="BlueLeapCTI$InteractionLog" FieldId="Id" /><InfoItem ObjectId="BlueLeapCTI$InteractionLog" FieldId="CreatedTime" /></Info><Table ColumnCount="2" RowCount="19" ForeColor="Black" BackColor="Transparent" Margin="3, 4, 3, 4" Id="636719121348960853"><TitleBar Row="0" Column="0" ColumnSpan="2" Height="18" TextAlign="MiddleLeft" Text="BLCallInteractionLog WorkSpace" Font="Microsoft Sans Serif, 8.25pt, style=Bold" ForeColor="Black" Margin="3, 0, 3, 0" Id="636724403977064866" /><Field Row="1" Column="0" ObjectId="BlueLeapCTI$InteractionLog" FieldId="Id" TabIndex="1" TrimTextWhitespace="False" SpellCheck="False" Multiline="False" AcceptsReturn="False" Id="636450843760970756" /><Field Row="1" Column="1" ObjectId="BlueLeapCTI$InteractionLog" FieldId="CreatedTime" TabIndex="2" Id="636450843877607427" /><Field Row="2" Column="0" ObjectId="BlueLeapCTI$InteractionLog" FieldId="CallSource" TabIndex="3" LabelText="Call Source" Id="636450844487592316" /><Field Row="2" Column="1" ObjectId="BlueLeapCTI$InteractionLog" FieldId="CallStatus" TabIndex="4" LabelText="Call Status" Id="636450845893022702" /><Field Row="3" Column="0" ObjectId="BlueLeapCTI$InteractionLog" FieldId="IncomingNumber" TabIndex="6" TrimTextWhitespace="True" SpellCheck="False" Multiline="False" AcceptsReturn="False" Id="636451305816876512" /><Field Row="3" Column="1" ObjectId="BlueLeapCTI$InteractionLog" FieldId="OutgoingNumber" TabIndex="7" TrimTextWhitespace="True" SpellCheck="False" Multiline="False" AcceptsReturn="False" Id="636451305863486577" /><Field Row="4" Column="0" ObjectId="BlueLeapCTI$InteractionLog" FieldId="Start" TabIndex="8" Id="636451305901786630" /><Field Row="4" Column="1" ObjectId="BlueLeapCTI$InteractionLog" FieldId="Finish" TabIndex="9" Id="636451305941296685" /><Field Row="5" Column="0" ObjectId="BlueLeapCTI$InteractionLog" FieldId="Agent" TabIndex="5" LabelText="Agent Name" TrimTextWhitespace="True" SpellCheck="False" Multiline="False" AcceptsReturn="False" Id="636450845606856334" /><Field Row="5" Column="1" ObjectId="BlueLeapCTI$InteractionLog" FieldId="Duration" TabIndex="10" Increment="1" Id="636451305973496729" /><Field Row="6" Column="0" ObjectId="BlueLeapCTI$InteractionLog" FieldId="Agent_id" TabIndex="11" LabelText="AccountID" ReportId="13067" Id="636450845563923879" /><Field Row="6" Column="1" ObjectId="BlueLeapCTI$InteractionLog" FieldId="Call_id" TabIndex="23" LabelText="CallID" TrimTextWhitespace="True" SpellCheck="False" Multiline="False" AcceptsReturn="False" Id="636719122296542355" /><Field Row="7" Column="0" ObjectId="BlueLeapCTI$InteractionLog" FieldId="Contact_id" TabIndex="13" ReportId="8014" Id="636450845308189252" /><Field Row="8" Column="0" ObjectId="BlueLeapCTI$InteractionLog" FieldId="Student_id" TabIndex="26" Increment="1" Id="636724402155340670" /><Field Row="9" Column="0" ObjectId="BlueLeapCTI$InteractionLog" FieldId="Incident_id" TabIndex="12" LabelText="IncidentID" ReportId="8002" Id="636451306029196806" /><Field Row="9" Column="1" ObjectId="BlueLeapCTI$InteractionLog" FieldId="CV1" TabIndex="14" TrimTextWhitespace="True" SpellCheck="False" Multiline="False" AcceptsReturn="False" Id="636724400952721884" /><Field Row="10" Column="1" ObjectId="BlueLeapCTI$InteractionLog" FieldId="CV2" TabIndex="15" TrimTextWhitespace="True" SpellCheck="False" Multiline="False" AcceptsReturn="False" Id="636724402356522177" /><Field Row="11" Column="1" ObjectId="BlueLeapCTI$InteractionLog" FieldId="CV3" TabIndex="16" TrimTextWhitespace="True" SpellCheck="False" Multiline="False" AcceptsReturn="False" Id="636724402379423486" /><Field Row="12" Column="1" ObjectId="BlueLeapCTI$InteractionLog" FieldId="CV4" TabIndex="17" TrimTextWhitespace="True" SpellCheck="False" Multiline="False" AcceptsReturn="False" Id="636724402409275194" /><Field Row="13" Column="1" ObjectId="BlueLeapCTI$InteractionLog" FieldId="CV5" TabIndex="18" TrimTextWhitespace="True" SpellCheck="False" Multiline="False" AcceptsReturn="False" Id="636724402428916317" /><Field Row="14" Column="1" ObjectId="BlueLeapCTI$InteractionLog" FieldId="CV6" TabIndex="19" TrimTextWhitespace="True" SpellCheck="False" Multiline="False" AcceptsReturn="False" Id="636724402444247194" /><Field Row="15" Column="1" ObjectId="BlueLeapCTI$InteractionLog" FieldId="CV7" TabIndex="20" TrimTextWhitespace="True" SpellCheck="False" Multiline="False" AcceptsReturn="False" Id="636724402472168791" /><Field Row="16" Column="1" ObjectId="BlueLeapCTI$InteractionLog" FieldId="CV8" TabIndex="21" TrimTextWhitespace="True" SpellCheck="False" Multiline="False" AcceptsReturn="False" Id="636724402492209937" /><Field Row="17" Column="1" ObjectId="BlueLeapCTI$InteractionLog" FieldId="CV9" TabIndex="22" TrimTextWhitespace="True" SpellCheck="False" Multiline="False" AcceptsReturn="False" Id="636724402506670765" /><Field Row="18" Column="1" ObjectId="BlueLeapCTI$InteractionLog" FieldId="CV10" TabIndex="25" TrimTextWhitespace="True" SpellCheck="False" Multiline="False" AcceptsReturn="False" Id="636724402527211939" /></Table></Workspace>
<!--jXfue42Q8PO4o0IW9yHyseyzhr3lVSWAz3o=-->
