<Workspace xmlns:dbaudit="http://www.rightnow.com/schemas/dbaudit" ServerVersion="Oracle Service Cloud 17D SP1 (Build 267 - 12/20/2017 16:31)&#xD;&#xA; CE Version: rnw-release-17-11-0-1-sp1 PL: " ClientVersion="17.11.0.267" Type="BLDialogue$BLMessageTemplate" UIType="Custom" IsMultiEdit="False" ClassId="10409" SpellCheckOnSave="False" SpellCheckAllowCancel="False" BrowserCompatibilityMode="False"><RecordTypes><RecordType Id="10409" Name="BLDialogue$BLMessageTemplate" /></RecordTypes><Ribbon><RibbonTab TextLabelName="HOME_LBL"><RibbonGroup TextLabelName="SAVE_CMD"><RibbonButtonItem ItemId="Save" /><RibbonButtonItem ItemId="SaveAndClose" /></RibbonGroup><RibbonGroup TextLabelName="ACTIONS_LBL"><RibbonButtonItem ItemId="New" /><RibbonButtonItem ItemId="Refresh" /><RibbonButtonItem ItemId="Copy" ButtonSize="Small" /><RibbonButtonItem ItemId="Delete" ButtonSize="Small" /></RibbonGroup><RibbonGroup TextLabelName="PROOFING_LBL"><RibbonButtonItem ItemId="SpellCheck" /></RibbonGroup><RibbonGroup TextLabelName="LINKS_AND_INFO_LBL"><RibbonButtonItem ItemId="EditorLinks"><Links><LinkItem Title="Oracle Service Cloud" Url="http://cloud.oracle.com/service" /></Links></RibbonButtonItem><RibbonButtonItem ItemId="Separator" /><RibbonButtonItem ItemId="Info" /></RibbonGroup></RibbonTab></Ribbon><QuickAccessToolbar><QuickAccessToolbarItem ItemId="New" /><QuickAccessToolbarItem ItemId="Save" /><QuickAccessToolbarItem ItemId="SaveAndClose" /></QuickAccessToolbar><Info><InfoItem ObjectId="BLDialogue$BLMessageTemplate" FieldId="Id" /><InfoItem ObjectId="BLDialogue$BLMessageTemplate" FieldId="CreatedByAccount" /><InfoItem ObjectId="BLDialogue$BLMessageTemplate" FieldId="CreatedTime" /><InfoItem ObjectId="BLDialogue$BLMessageTemplate" FieldId="UpdatedByAccount" /><InfoItem ObjectId="BLDialogue$BLMessageTemplate" FieldId="UpdatedTime" /></Info><Table ColumnCount="1" RowCount="9" ForeColor="Black" BackColor="Transparent"><FormattedText Row="0" Column="0" UseRtf="True" AutoSize="True" Anchor="Top, Left, Right" Height="25" Rtf="{\rtf1\ansi\ansicpg1252\deff0{\fonttbl{\f0\fnil\fcharset0 Microsoft Sans Serif;}}&#xD;&#xA;\viewkind4\uc1\pard\lang3081\b\f0\fs17 BL SMS Message Template\b0\par&#xD;&#xA;}&#xD;&#xA;" Text="BL SMS Message Template" TextAlign="MiddleLeft" ForeColor="WindowText" BackColor="White" Margin="6, 6, 6, 6" Width="1604" /><Field Row="1" Column="0" ObjectId="BLDialogue$BLMessageTemplate" FieldId="Id" TabIndex="0" TrimTextWhitespace="False" SpellCheck="False" Multiline="False" AcceptsReturn="False" /><Field Row="2" Column="0" ObjectId="BLDialogue$BLMessageTemplate" FieldId="TemplateName" TabIndex="2" TrimTextWhitespace="True" SpellCheck="False" Multiline="False" AcceptsReturn="False" /><Field Row="3" Column="0" ObjectId="BLDialogue$BLMessageTemplate" FieldId="MessageBody" TabIndex="3" TrimTextWhitespace="True" SpellCheck="False" Multiline="True" AcceptsReturn="True" Height="60" ScrollBars="Vertical" /><Field Row="4" Column="0" ObjectId="BLDialogue$BLMessageTemplate" FieldId="CreatedByAgentID" TabIndex="5" Increment="1" Id="636529912055381166" /><Field Row="5" Column="0" ObjectId="BLDialogue$BLMessageTemplate" FieldId="CreatedTime" TabIndex="1" /><Field Row="6" Column="0" ObjectId="BLDialogue$BLMessageTemplate" FieldId="CreatedByAccount" TabIndex="4" FilterType="AllAccounts" /><Field Row="7" Column="0" ObjectId="BLDialogue$BLMessageTemplate" FieldId="UpdatedTime" TabIndex="7" Id="636529912293424781" /><Field Row="8" Column="0" ObjectId="BLDialogue$BLMessageTemplate" FieldId="UpdatedByAccount" TabIndex="6" FilterType="AllAccounts" Id="636529912511357246" /></Table></Workspace>
<!--yuAfyRzl/cNfdgIi+BVmXHgNmrHAFtLgKN0=-->
