<Workspace xmlns:dbaudit="http://www.rightnow.com/schemas/dbaudit" ServerVersion="Oracle Service Cloud February 2017 SP5 (Build 258 - 09/22/2017 16:10)&#xD;&#xA; CE Version: rnw-release-17-2-0-1-sp5 PL: " ClientVersion="17.2.0.258" Type="BLDialogue$BLOutboundMessage" UIType="Custom" IsMultiEdit="False" ClassId="10106" SpellCheckOnSave="False" SpellCheckAllowCancel="False" BrowserCompatibilityMode="False"><RecordTypes><RecordType Id="10106" Name="BLDialogue$BLOutboundMessage" /><RecordType Id="6" Name="Contact" /><RecordType Id="1" Name="Incident" /></RecordTypes><Ribbon><RibbonTab TextLabelName="HOME_LBL"><RibbonGroup TextLabelName="SAVE_CMD"><RibbonButtonItem ItemId="Save" /><RibbonButtonItem ItemId="SaveAndClose" /></RibbonGroup><RibbonGroup TextLabelName="ACTIONS_LBL"><RibbonButtonItem ItemId="New" /><RibbonButtonItem ItemId="Refresh" /><RibbonButtonItem ItemId="Copy" ButtonSize="Small" /><RibbonButtonItem ItemId="Delete" ButtonSize="Small" /></RibbonGroup><RibbonGroup TextLabelName="PROOFING_LBL"><RibbonButtonItem ItemId="SpellCheck" /></RibbonGroup><RibbonGroup TextLabelName="LINKS_AND_INFO_LBL"><RibbonButtonItem ItemId="EditorLinks"><Links><LinkItem Title="Oracle Service Cloud" Url="http://cloud.oracle.com/service" /></Links></RibbonButtonItem><RibbonButtonItem ItemId="Separator" /><RibbonButtonItem ItemId="Info" /></RibbonGroup></RibbonTab></Ribbon><QuickAccessToolbar><QuickAccessToolbarItem ItemId="New" /><QuickAccessToolbarItem ItemId="Save" /><QuickAccessToolbarItem ItemId="SaveAndClose" /></QuickAccessToolbar><Info><InfoItem ObjectId="BLDialogue$BLOutboundMessage" FieldId="Id" /></Info><Table ColumnCount="1" RowCount="18" ForeColor="Black" BackColor="Transparent"><TitleBar Row="0" Column="0" Height="18" TextAlign="MiddleLeft" Text="BLOutboundMessage WorkSpace" Font="Microsoft Sans Serif, 8.25pt, style=Bold" ForeColor="Black" Margin="3, 0, 3, 0" Id="636440100262584749" /><Field Row="1" Column="0" ObjectId="BLDialogue$BLOutboundMessage" FieldId="Id" TabIndex="1" TrimTextWhitespace="False" SpellCheck="False" Multiline="False" AcceptsReturn="False" /><Field Row="2" Column="0" ObjectId="BLDialogue$BLOutboundMessage" FieldId="SendTime" TabIndex="2" /><Field Row="3" Column="0" ObjectId="BLDialogue$BLOutboundMessage" FieldId="ContactToNumber" TabIndex="3" TrimTextWhitespace="True" SpellCheck="False" Multiline="False" AcceptsReturn="False" Id="636428834074626215" /><Field Row="4" Column="0" ObjectId="BLDialogue$BLOutboundMessage" FieldId="MessageBody" TabIndex="4" TrimTextWhitespace="True" SpellCheck="False" Multiline="True" AcceptsReturn="True" Height="60" ScrollBars="Vertical" Id="636428833262534866" /><Field Row="5" Column="0" ObjectId="BLDialogue$BLOutboundMessage" FieldId="CustomerDomain" TabIndex="5" TrimTextWhitespace="True" SpellCheck="False" Multiline="False" AcceptsReturn="False" /><Field Row="6" Column="0" ObjectId="BLDialogue$BLOutboundMessage" FieldId="BLAccountSID" TabIndex="6" TrimTextWhitespace="True" SpellCheck="False" Multiline="False" AcceptsReturn="False" Id="636429969698239597" /><Field Row="7" Column="0" ObjectId="BLDialogue$BLOutboundMessage" FieldId="ConversationSID" TabIndex="7" TrimTextWhitespace="True" SpellCheck="False" Multiline="False" AcceptsReturn="False" /><Field Row="8" Column="0" ObjectId="BLDialogue$BLOutboundMessage" FieldId="MessageType" TabIndex="8" TrimTextWhitespace="True" SpellCheck="False" Multiline="False" AcceptsReturn="False" Id="636428834119236277" /><Field Row="10" Column="0" ObjectId="BLDialogue$BLOutboundMessage" FieldId="AlphaNumeric" TabIndex="9" Id="636428834220646417" /><Field Row="11" Column="0" ObjectId="BLDialogue$BLOutboundMessage" FieldId="CampaignID" TabIndex="10" ReportId="31595" Id="636452159827037662" /><Field Row="12" Column="0" ObjectId="BLDialogue$BLOutboundMessage" FieldId="ContactID" TabIndex="11" ReportId="8014" /><Field Row="13" Column="0" ObjectId="BLDialogue$BLOutboundMessage" FieldId="AgentID" TabIndex="12" ReportId="13067" /><Field Row="14" Column="0" ObjectId="BLDialogue$BLOutboundMessage" FieldId="IncidentID" TabIndex="13" ReportId="8002" /><Field Row="15" Column="0" ObjectId="BLDialogue$BLOutboundMessage" FieldId="StatusOrExceptionCode" TabIndex="14" TrimTextWhitespace="True" SpellCheck="False" Multiline="False" AcceptsReturn="False" /><Field Row="16" Column="0" ObjectId="BLDialogue$BLOutboundMessage" FieldId="StatusOrExceptionReason" TabIndex="15" TrimTextWhitespace="True" SpellCheck="False" Multiline="False" AcceptsReturn="False" /><Field Row="17" Column="0" ObjectId="BLDialogue$BLOutboundMessage" FieldId="StatusOrExceptionDescription" TabIndex="16" TrimTextWhitespace="True" SpellCheck="False" Multiline="False" AcceptsReturn="False" Id="636481126669865672" /></Table></Workspace>
<!--4GLZ45CA55QBJS/rYCitCDBotzm9m+MT-->
