<?xml version="1.0" encoding="utf-8"?>
<analytics_core xmlns:xsi="http://www.w3.org/2001/XMLSchema-instance" xmlns:xsd="http://www.w3.org/2001/XMLSchema">
  <ac_id xmlns="urn:obj.api.rightnow.com">101590</ac_id>
  <ac_public xmlns="urn:obj.api.rightnow.com">true</ac_public>
  <ac_type xmlns="urn:obj.api.rightnow.com">1</ac_type>
  <aux xmlns="urn:obj.api.rightnow.com">1.0.10412,1.0.2,1.31.2,1.0.10411,1.0.10413,1.0.3,1.32.3,1.0.10287,1.0.10289,1.0.10281,1.0.10279,1.0.10278,1.0.10292,1.0.10296,1.0.10295,1.0.10294,1.0.24,1.0.10286,1.0.10101,1.0.10349</aux>
  <cdate_offset xsi:nil="true" xmlns="urn:obj.api.rightnow.com" />
  <co_version xsi:nil="true" xmlns="urn:obj.api.rightnow.com" />
  <created xmlns="urn:obj.api.rightnow.com">2017-12-06T03:21:42Z</created>
  <file_id xsi:nil="true" xmlns="urn:obj.api.rightnow.com" />
  <filters xmlns="urn:obj.api.rightnow.com">
    <filter_item>
      <applies_to xsi:nil="true" />
      <data_type>4</data_type>
      <fltr_id>1</fltr_id>
      <oper>9</oper>
      <optl_id xsi:nil="true" />
      <opts>5</opts>
      <revision>1</revision>
      <type>1</type>
      <val1>BLDialogue$BLInboundMessage.ReceiveTime</val1>
      <val1_attrs>1</val1_attrs>
      <val1_col_refs>BLDialogue$BLInboundMessage.ReceiveTime;10412</val1_col_refs>
      <val2>DATE_ADD(SYSDATE(), -1, MONTHS, 0)|DATE_ADD(SYSDATE(), 0, MONTHS, 0)</val2>
      <val2_col_refs xsi:nil="true" />
      <xml_data>&lt;?xml version="1.0" encoding="utf-16"?&gt;
&lt;FilterXmlData xmlns:xsi="http://www.w3.org/2001/XMLSchema-instance" xmlns:xsd="http://www.w3.org/2001/XMLSchema"&gt;
  &lt;Prompt&gt;
    &lt;LabelStr&gt;Received Dates&lt;/LabelStr&gt;
  &lt;/Prompt&gt;
  &lt;Name&gt;
    &lt;LabelStr&gt;Received Dates&lt;/LabelStr&gt;
  &lt;/Name&gt;
  &lt;DisplayInSearchCriteria&gt;true&lt;/DisplayInSearchCriteria&gt;
&lt;/FilterXmlData&gt;</xml_data>
    </filter_item>
  </filters>
  <fltr_expr xmlns="urn:obj.api.rightnow.com">1</fltr_expr>
  <folder_id xmlns="urn:obj.api.rightnow.com">115325</folder_id>
  <image xmlns="urn:obj.api.rightnow.com">8</image>
  <interface_id xmlns="urn:obj.api.rightnow.com">1</interface_id>
  <items xmlns="urn:obj.api.rightnow.com" />
  <label xmlns="urn:obj.api.rightnow.com">
    <lbl_item>
      <label>SMS Replies (Select Dates)</label>
      <lang_id>1</lang_id>
    </lbl_item>
    <lbl_item>
      <label>SMS Replies (Select Dates)</label>
      <lang_id>17</lang_id>
    </lbl_item>
  </label>
  <nodes xmlns="urn:obj.api.rightnow.com">
    <node_item>
      <branch_col_link_idx xsi:nil="true" />
      <branch_tbl_idx xsi:nil="true" />
      <branch_type xsi:nil="true" />
      <charts />
      <cols>
        <cols_item>
          <calc_units xsi:nil="true" />
          <col_id>1</col_id>
          <col_rf>1</col_rf>
          <comp_opts xsi:nil="true" />
          <data_type>4</data_type>
          <display_order>1</display_order>
          <group_order xsi:nil="true" />
          <max_len xsi:nil="true" />
          <min_vuse>223</min_vuse>
          <opts xsi:nil="true" />
          <rpt_links />
          <sort_direction>2</sort_direction>
          <sort_order>1</sort_order>
          <trend_opts xsi:nil="true" />
          <type>1</type>
          <val>BLDialogue$BLInboundMessage.ReceiveTime</val>
          <val_attrs>1</val_attrs>
          <val_col_refs>BLDialogue$BLInboundMessage.ReceiveTime;10412</val_col_refs>
          <xml_data>&lt;?xml version="1.0" encoding="utf-16"?&gt;
&lt;ColumnXmlData xmlns:xsi="http://www.w3.org/2001/XMLSchema-instance" xmlns:xsd="http://www.w3.org/2001/XMLSchema"&gt;
  &lt;UnitType&gt;Auto&lt;/UnitType&gt;
  &lt;Header&gt;
    &lt;LabelStr&gt;Received&lt;/LabelStr&gt;
  &lt;/Header&gt;
  &lt;HeaderAlignment&gt;Near&lt;/HeaderAlignment&gt;
  &lt;DataAlignment&gt;Near&lt;/DataAlignment&gt;
  &lt;DateFormatType&gt;DateTime&lt;/DateFormatType&gt;
&lt;/ColumnXmlData&gt;</xml_data>
        </cols_item>
        <cols_item>
          <calc_units xsi:nil="true" />
          <col_id>2</col_id>
          <col_rf>2</col_rf>
          <comp_opts xsi:nil="true" />
          <data_type>5</data_type>
          <display_order>2</display_order>
          <group_order xsi:nil="true" />
          <max_len xsi:nil="true" />
          <min_vuse>223</min_vuse>
          <opts xsi:nil="true" />
          <rpt_links />
          <sort_direction xsi:nil="true" />
          <sort_order xsi:nil="true" />
          <trend_opts xsi:nil="true" />
          <type>1</type>
          <val>BLDialogue$BLInboundMessage.FromNumber</val>
          <val_attrs>1</val_attrs>
          <val_col_refs>BLDialogue$BLInboundMessage.FromNumber;10412</val_col_refs>
          <xml_data>&lt;?xml version="1.0" encoding="utf-16"?&gt;
&lt;ColumnXmlData xmlns:xsi="http://www.w3.org/2001/XMLSchema-instance" xmlns:xsd="http://www.w3.org/2001/XMLSchema"&gt;
  &lt;UnitType&gt;Auto&lt;/UnitType&gt;
  &lt;Header&gt;
    &lt;LabelStr&gt;Number&lt;/LabelStr&gt;
  &lt;/Header&gt;
  &lt;HeaderAlignment&gt;Near&lt;/HeaderAlignment&gt;
  &lt;DataAlignment&gt;Near&lt;/DataAlignment&gt;
&lt;/ColumnXmlData&gt;</xml_data>
        </cols_item>
        <cols_item>
          <calc_units xsi:nil="true" />
          <col_id>3</col_id>
          <col_rf>3</col_rf>
          <comp_opts xsi:nil="true" />
          <data_type>5</data_type>
          <display_order>3</display_order>
          <group_order xsi:nil="true" />
          <max_len xsi:nil="true" />
          <min_vuse>157</min_vuse>
          <opts xsi:nil="true" />
          <rpt_links />
          <sort_direction xsi:nil="true" />
          <sort_order xsi:nil="true" />
          <trend_opts xsi:nil="true" />
          <type>1</type>
          <val>contacts.full_name</val>
          <val_attrs>17</val_attrs>
          <val_col_refs>contacts.full_name;2</val_col_refs>
          <xml_data>&lt;?xml version="1.0" encoding="utf-16"?&gt;
&lt;ColumnXmlData xmlns:xsi="http://www.w3.org/2001/XMLSchema-instance" xmlns:xsd="http://www.w3.org/2001/XMLSchema"&gt;
  &lt;UnitType&gt;Auto&lt;/UnitType&gt;
  &lt;Header&gt;
    &lt;LabelStr&gt;Name&lt;/LabelStr&gt;
  &lt;/Header&gt;
  &lt;HeaderAlignment&gt;Near&lt;/HeaderAlignment&gt;
  &lt;DataAlignment&gt;Near&lt;/DataAlignment&gt;
  &lt;FormatOptions&gt;DisplayNullValuesBlank&lt;/FormatOptions&gt;
&lt;/ColumnXmlData&gt;</xml_data>
        </cols_item>
        <cols_item>
          <calc_units xsi:nil="true" />
          <col_id>4</col_id>
          <col_rf>4</col_rf>
          <comp_opts xsi:nil="true" />
          <data_type>5</data_type>
          <display_order>4</display_order>
          <group_order xsi:nil="true" />
          <max_len xsi:nil="true" />
          <min_vuse>223</min_vuse>
          <opts xsi:nil="true" />
          <rpt_links />
          <sort_direction xsi:nil="true" />
          <sort_order xsi:nil="true" />
          <trend_opts xsi:nil="true" />
          <type>1</type>
          <val>BLDialogue$BLInboundMessage.MessageType</val>
          <val_attrs>1</val_attrs>
          <val_col_refs>BLDialogue$BLInboundMessage.MessageType;10412</val_col_refs>
          <xml_data>&lt;?xml version="1.0" encoding="utf-16"?&gt;
&lt;ColumnXmlData xmlns:xsi="http://www.w3.org/2001/XMLSchema-instance" xmlns:xsd="http://www.w3.org/2001/XMLSchema"&gt;
  &lt;UnitType&gt;Auto&lt;/UnitType&gt;
  &lt;Header&gt;
    &lt;LabelStr&gt;MessageType&lt;/LabelStr&gt;
  &lt;/Header&gt;
  &lt;HeaderAlignment&gt;Near&lt;/HeaderAlignment&gt;
  &lt;DataAlignment&gt;Near&lt;/DataAlignment&gt;
&lt;/ColumnXmlData&gt;</xml_data>
        </cols_item>
        <cols_item>
          <calc_units xsi:nil="true" />
          <col_id>5</col_id>
          <col_rf>5</col_rf>
          <comp_opts xsi:nil="true" />
          <data_type>6</data_type>
          <display_order>5</display_order>
          <group_order xsi:nil="true" />
          <max_len xsi:nil="true" />
          <min_vuse>157</min_vuse>
          <opts xsi:nil="true" />
          <rpt_links />
          <sort_direction xsi:nil="true" />
          <sort_order xsi:nil="true" />
          <trend_opts xsi:nil="true" />
          <type>1</type>
          <val>BLDialogue$BLInboundMessage.MessageBody</val>
          <val_attrs>1</val_attrs>
          <val_col_refs>BLDialogue$BLInboundMessage.MessageBody;10412</val_col_refs>
          <xml_data>&lt;?xml version="1.0" encoding="utf-16"?&gt;
&lt;ColumnXmlData xmlns:xsi="http://www.w3.org/2001/XMLSchema-instance" xmlns:xsd="http://www.w3.org/2001/XMLSchema"&gt;
  &lt;UnitType&gt;Auto&lt;/UnitType&gt;
  &lt;Header&gt;
    &lt;LabelStr&gt;MessageBody&lt;/LabelStr&gt;
  &lt;/Header&gt;
  &lt;HeaderAlignment&gt;Near&lt;/HeaderAlignment&gt;
  &lt;DataAlignment&gt;Near&lt;/DataAlignment&gt;
&lt;/ColumnXmlData&gt;</xml_data>
        </cols_item>
      </cols>
      <excepts />
      <filters />
      <fltr_expr xsi:nil="true" />
      <group_by_col_idx xsi:nil="true" />
      <group_type>0</group_type>
      <having_expr xsi:nil="true" />
      <having_filters />
      <n_id>1</n_id>
      <opts>0</opts>
      <parent_node_idx xsi:nil="true" />
      <row_limit xsi:nil="true" />
      <scripts />
      <starting_level xsi:nil="true" />
      <style_id>12</style_id>
      <xml_data>&lt;?xml version="1.0" encoding="utf-16"?&gt;
&lt;NodeXmlData xmlns:xsi="http://www.w3.org/2001/XMLSchema-instance" xmlns:xsd="http://www.w3.org/2001/XMLSchema"&gt;
  &lt;Sections&gt;
    &lt;ReportSection&gt;
      &lt;Height&gt;75&lt;/Height&gt;
      &lt;SectionType&gt;DockedFilters&lt;/SectionType&gt;
      &lt;StyleType&gt;DockedFiltersArea&lt;/StyleType&gt;
      &lt;LayoutType&gt;Fixed&lt;/LayoutType&gt;
      &lt;AutoHeight&gt;false&lt;/AutoHeight&gt;
      &lt;Visible&gt;true&lt;/Visible&gt;
    &lt;/ReportSection&gt;
    &lt;ReportSection&gt;
      &lt;Fields&gt;
        &lt;ReportField xsi:type="ReportTextField"&gt;
          &lt;Padding&gt;
            &lt;Bottom&gt;1&lt;/Bottom&gt;
            &lt;Left&gt;1&lt;/Left&gt;
            &lt;Right&gt;1&lt;/Right&gt;
            &lt;Top&gt;0&lt;/Top&gt;
          &lt;/Padding&gt;
          &lt;StyleType&gt;CurrentDate&lt;/StyleType&gt;
          &lt;AnchorStyles&gt;Top Right&lt;/AnchorStyles&gt;
          &lt;AutoSize&gt;true&lt;/AutoSize&gt;
          &lt;TextAlign&gt;Far&lt;/TextAlign&gt;
          &lt;LineAlign&gt;Center&lt;/LineAlign&gt;
          &lt;TextType&gt;CurrentDate&lt;/TextType&gt;
        &lt;/ReportField&gt;
      &lt;/Fields&gt;
      &lt;Height&gt;25&lt;/Height&gt;
      &lt;SectionType&gt;PageHeader&lt;/SectionType&gt;
      &lt;StyleType&gt;PageHeader&lt;/StyleType&gt;
      &lt;LayoutType&gt;Fixed&lt;/LayoutType&gt;
      &lt;AutoHeight&gt;false&lt;/AutoHeight&gt;
      &lt;Visible&gt;true&lt;/Visible&gt;
    &lt;/ReportSection&gt;
    &lt;ReportSection&gt;
      &lt;Fields&gt;
        &lt;ReportField xsi:type="ReportTextField"&gt;
          &lt;Padding&gt;
            &lt;Bottom&gt;1&lt;/Bottom&gt;
            &lt;Left&gt;1&lt;/Left&gt;
            &lt;Right&gt;1&lt;/Right&gt;
            &lt;Top&gt;0&lt;/Top&gt;
          &lt;/Padding&gt;
          &lt;StyleType&gt;Title&lt;/StyleType&gt;
          &lt;AnchorStyles&gt;Top Left Right&lt;/AnchorStyles&gt;
          &lt;AutoSize&gt;true&lt;/AutoSize&gt;
          &lt;TextAlign&gt;Near&lt;/TextAlign&gt;
          &lt;LineAlign&gt;Center&lt;/LineAlign&gt;
          &lt;Text&gt;
            &lt;LabelStr&gt;SMS Replies&lt;/LabelStr&gt;
          &lt;/Text&gt;
          &lt;TextType&gt;Title&lt;/TextType&gt;
        &lt;/ReportField&gt;
      &lt;/Fields&gt;
      &lt;Height&gt;28&lt;/Height&gt;
      &lt;SectionType&gt;ReportHeader&lt;/SectionType&gt;
      &lt;StyleType&gt;ReportHeader&lt;/StyleType&gt;
      &lt;LayoutType&gt;Fixed&lt;/LayoutType&gt;
      &lt;AutoHeight&gt;false&lt;/AutoHeight&gt;
      &lt;Visible&gt;true&lt;/Visible&gt;
    &lt;/ReportSection&gt;
    &lt;ReportSection&gt;
      &lt;Height&gt;-1&lt;/Height&gt;
      &lt;SectionType&gt;Descriptions&lt;/SectionType&gt;
      &lt;StyleType&gt;DefinitionArea&lt;/StyleType&gt;
      &lt;LayoutType&gt;Fixed&lt;/LayoutType&gt;
      &lt;AutoHeight&gt;false&lt;/AutoHeight&gt;
      &lt;Visible&gt;true&lt;/Visible&gt;
    &lt;/ReportSection&gt;
    &lt;ReportSection&gt;
      &lt;Height&gt;-1&lt;/Height&gt;
      &lt;SectionType&gt;SearchCriteria&lt;/SectionType&gt;
      &lt;StyleType&gt;SearchCriteriaArea&lt;/StyleType&gt;
      &lt;LayoutType&gt;Fixed&lt;/LayoutType&gt;
      &lt;AutoHeight&gt;false&lt;/AutoHeight&gt;
      &lt;Visible&gt;false&lt;/Visible&gt;
    &lt;/ReportSection&gt;
    &lt;ReportSection&gt;
      &lt;Height&gt;250&lt;/Height&gt;
      &lt;SectionType&gt;Charts&lt;/SectionType&gt;
      &lt;StyleType&gt;ChartArea&lt;/StyleType&gt;
      &lt;LayoutType&gt;Fixed&lt;/LayoutType&gt;
      &lt;AutoHeight&gt;false&lt;/AutoHeight&gt;
      &lt;Visible&gt;false&lt;/Visible&gt;
    &lt;/ReportSection&gt;
    &lt;ReportSection&gt;
      &lt;Height&gt;-1&lt;/Height&gt;
      &lt;SectionType&gt;DataArea&lt;/SectionType&gt;
      &lt;StyleType&gt;DataArea&lt;/StyleType&gt;
      &lt;LayoutType&gt;Fixed&lt;/LayoutType&gt;
      &lt;AutoHeight&gt;false&lt;/AutoHeight&gt;
      &lt;Visible&gt;true&lt;/Visible&gt;
    &lt;/ReportSection&gt;
    &lt;ReportSection&gt;
      &lt;Fields&gt;
        &lt;ReportField xsi:type="ReportTextField"&gt;
          &lt;Padding&gt;
            &lt;Bottom&gt;1&lt;/Bottom&gt;
            &lt;Left&gt;1&lt;/Left&gt;
            &lt;Right&gt;1&lt;/Right&gt;
            &lt;Top&gt;0&lt;/Top&gt;
          &lt;/Padding&gt;
          &lt;StyleType&gt;RecordCounts&lt;/StyleType&gt;
          &lt;AnchorStyles&gt;Top Left&lt;/AnchorStyles&gt;
          &lt;AutoSize&gt;true&lt;/AutoSize&gt;
          &lt;TextAlign&gt;Near&lt;/TextAlign&gt;
          &lt;LineAlign&gt;Center&lt;/LineAlign&gt;
          &lt;TextType&gt;RecordCount&lt;/TextType&gt;
        &lt;/ReportField&gt;
      &lt;/Fields&gt;
      &lt;Height&gt;32&lt;/Height&gt;
      &lt;SectionType&gt;ReportFooter&lt;/SectionType&gt;
      &lt;StyleType&gt;ReportFooter&lt;/StyleType&gt;
      &lt;LayoutType&gt;Fixed&lt;/LayoutType&gt;
      &lt;AutoHeight&gt;false&lt;/AutoHeight&gt;
      &lt;Visible&gt;true&lt;/Visible&gt;
    &lt;/ReportSection&gt;
    &lt;ReportSection&gt;
      &lt;Height&gt;-1&lt;/Height&gt;
      &lt;SectionType&gt;Exceptions&lt;/SectionType&gt;
      &lt;StyleType&gt;ExceptionsArea&lt;/StyleType&gt;
      &lt;LayoutType&gt;Fixed&lt;/LayoutType&gt;
      &lt;AutoHeight&gt;false&lt;/AutoHeight&gt;
      &lt;Visible&gt;false&lt;/Visible&gt;
    &lt;/ReportSection&gt;
    &lt;ReportSection&gt;
      &lt;Fields&gt;
        &lt;ReportField xsi:type="ReportTextField"&gt;
          &lt;Padding&gt;
            &lt;Bottom&gt;1&lt;/Bottom&gt;
            &lt;Left&gt;1&lt;/Left&gt;
            &lt;Right&gt;1&lt;/Right&gt;
            &lt;Top&gt;0&lt;/Top&gt;
          &lt;/Padding&gt;
          &lt;StyleType&gt;PageNumber&lt;/StyleType&gt;
          &lt;AnchorStyles&gt;Top Right&lt;/AnchorStyles&gt;
          &lt;AutoSize&gt;true&lt;/AutoSize&gt;
          &lt;TextAlign&gt;Far&lt;/TextAlign&gt;
          &lt;LineAlign&gt;Center&lt;/LineAlign&gt;
          &lt;TextType&gt;PageNumber&lt;/TextType&gt;
        &lt;/ReportField&gt;
      &lt;/Fields&gt;
      &lt;Height&gt;29&lt;/Height&gt;
      &lt;SectionType&gt;PageFooter&lt;/SectionType&gt;
      &lt;StyleType&gt;PageFooter&lt;/StyleType&gt;
      &lt;LayoutType&gt;Fixed&lt;/LayoutType&gt;
      &lt;AutoHeight&gt;false&lt;/AutoHeight&gt;
      &lt;Visible&gt;true&lt;/Visible&gt;
    &lt;/ReportSection&gt;
  &lt;/Sections&gt;
  &lt;PageWidthOptions&gt;
    &lt;Width&gt;863&lt;/Width&gt;
    &lt;WidthType&gt;Fixed&lt;/WidthType&gt;
  &lt;/PageWidthOptions&gt;
  &lt;PageReport&gt;false&lt;/PageReport&gt;
  &lt;Name&gt;
    &lt;LabelStr&gt;Standard Report&lt;/LabelStr&gt;
  &lt;/Name&gt;
  &lt;SearchCriteriaStyle&gt;None&lt;/SearchCriteriaStyle&gt;
  &lt;OutputDescriptionStyle&gt;Rollover&lt;/OutputDescriptionStyle&gt;
  &lt;DisplayOptions&gt;ShowDataAreaAsGrid&lt;/DisplayOptions&gt;
  &lt;PageSettings&gt;
    &lt;PrintMargin&gt;Normal&lt;/PrintMargin&gt;
    &lt;Landscape&gt;false&lt;/Landscape&gt;
    &lt;PrintToFit&gt;false&lt;/PrintToFit&gt;
  &lt;/PageSettings&gt;
&lt;/NodeXmlData&gt;</xml_data>
    </node_item>
  </nodes>
  <notes xsi:nil="true" xmlns="urn:obj.api.rightnow.com" />
  <opts xmlns="urn:obj.api.rightnow.com">4</opts>
  <owner_acct_id xmlns="urn:obj.api.rightnow.com">500</owner_acct_id>
  <params xmlns="urn:obj.api.rightnow.com" />
  <perms xmlns="urn:obj.api.rightnow.com" />
  <rpt xmlns="urn:obj.api.rightnow.com" />
  <run_vals xmlns="urn:obj.api.rightnow.com" />
  <schedules xmlns="urn:obj.api.rightnow.com" />
  <style_id xsi:nil="true" xmlns="urn:obj.api.rightnow.com" />
  <tables xmlns="urn:obj.api.rightnow.com">
    <table_item>
      <alias>BLDialogue$BLInboundMessage</alias>
      <join_def_enum xsi:nil="true" />
      <join_def_idx xsi:nil="true" />
      <join_filters />
      <join_fltr_expr xsi:nil="true" />
      <join_to_tbl_idx xsi:nil="true" />
      <join_type xsi:nil="true" />
      <tbl>10412</tbl>
      <tbl_id>1</tbl_id>
    </table_item>
    <table_item>
      <alias>contacts</alias>
      <join_def_enum>BLDialogue$BLInboundMessage$ContactID$$contacts$c_id</join_def_enum>
      <join_def_idx>0</join_def_idx>
      <join_filters />
      <join_fltr_expr xsi:nil="true" />
      <join_to_tbl_idx>0</join_to_tbl_idx>
      <join_type>2</join_type>
      <tbl>2</tbl>
      <tbl_id>2</tbl_id>
    </table_item>
  </tables>
  <time_zone xmlns="urn:obj.api.rightnow.com">0</time_zone>
  <updated xmlns="urn:obj.api.rightnow.com">2018-08-22T10:55:00Z</updated>
  <version xmlns="urn:obj.api.rightnow.com">0</version>
  <version_detail xmlns="urn:obj.api.rightnow.com">
    <is_live>true</is_live>
  </version_detail>
  <xml_data xsi:nil="true" xmlns="urn:obj.api.rightnow.com" />
  <xml_report xsi:nil="true" xmlns="urn:obj.api.rightnow.com" />
</analytics_core>
Version: 
DKlifBFp08l7xGhqyBEFhOIWI0QGoVym
