﻿<CustomObject Id="10025" Name="CallStatusMenu" CoLabel="CallStatusMenu" Description="" DesignerData="" IsAgentVisible="False" IsAnalyticsVisible="True" IsSubclass="False" IsMenu="True" IsMenuOnlyClass="True" HasLabels="False" HasDescription="False" HasNotes="False" HasFileAttachment="False" IsLogTransactionsEnabled="True" HasUserTransactions="False" HasSequence="True" AllowsSPMSuppression="True"><Package Name="BlueLeapCTI" Id="7" /><MenuItems><MenuItem IsLabelsMenu="False" Name="Completed" /><MenuItem IsLabelsMenu="False" Name="Answered" /><MenuItem IsLabelsMenu="False" Name="Busy" /><MenuItem IsLabelsMenu="False" Name="No-answer" /><MenuItem IsLabelsMenu="False" Name="Failed" /><MenuItem IsLabelsMenu="False" Name="Cancelled" /></MenuItems><InterfaceLabels><InterfaceLabel Language="en_US" Label="CallStatusMenu" Description="" /><InterfaceLabel Language="en_US" Label="CallStatusMenu" Description="" /></InterfaceLabels><Keys><Key Id="10067" KeyType="1"><Fields><Field Id="10250" /></Fields></Key><Key Id="10068" KeyType="3"><Fields><Field Id="10251" /></Fields></Key></Keys><Fields><Field Id="10249" Label="DisplayOrder" Description="System Field" Name="DisplayOrder" DataTypeName="Integer" DataType="1" IsNullable="False" IsList="False" IsLookup="False" IsCoReadOnly="False" IsAutoUpdate="False" IsSequence="True" IsSystemField="True" /><Field Id="10250" Label="ID" Description="System Field" Name="ID" DataTypeName="Integer" DataType="1" IsNullable="False" IsList="False" IsLookup="False" IsCoReadOnly="False" IsAutoUpdate="False" IsSequence="False" IsSystemField="True" /><Field Id="10251" Label="Name" Description="System Field" Name="Name" DataTypeName="Text" DataType="2" IsNullable="False" IsList="False" IsLookup="True" IsCoReadOnly="False" IsAutoUpdate="False" IsSequence="False" IsSystemField="True" MaxLength="40" Pattern="" Usage="PlainText" /></Fields><Notes /></CustomObject><!--8Z6raNcH+MC8U4CUt1FSj7kJ+AIZjsyKlQ==-->