﻿<CustomObject Id="10021" Name="BLInboundMessage" CoLabel="BLInboundMessage" Description="" DesignerData="" IsAgentVisible="True" IsAnalyticsVisible="True" IsSubclass="False" IsMenu="False" IsMenuOnlyClass="False" HasLabels="False" HasDescription="False" HasNotes="False" HasFileAttachment="False" IsLogTransactionsEnabled="False" HasUserTransactions="False" HasSequence="False" AllowsSPMSuppression="False"><Package Name="BLDialogue" Id="6" /><InterfaceLabels><InterfaceLabel Language="en_US" Label="BLInboundMessage" Description="" /><InterfaceLabel Language="en_US" Label="BLInboundMessage" Description="" /></InterfaceLabels><Keys><Key Id="10053" KeyType="1"><Fields><Field Id="10208" /></Fields></Key><Key Id="10054" KeyType="3"><Fields><Field Id="10212" /></Fields></Key><Key Id="10055" KeyType="3"><Fields><Field Id="10218" /></Fields></Key><Key Id="10056" KeyType="3"><Fields><Field Id="10217" /></Fields></Key><Key Id="10075" KeyType="3"><Fields><Field Id="10288" /></Fields></Key></Keys><Fields><Field Id="10208" Label="ID" Description="System Field" Name="ID" DataTypeName="Integer" DataType="1" IsNullable="False" IsList="False" IsLookup="False" IsCoReadOnly="False" IsAutoUpdate="False" IsSequence="False" IsSystemField="True" /><Field Id="10209" Label="ConversationSID" Name="ConversationSID" DataTypeName="Text" DataType="2" IsNullable="True" IsList="False" IsLookup="False" IsCoReadOnly="False" IsAutoUpdate="False" IsSequence="False" IsSystemField="False" MaxLength="60" Pattern="" Usage="PlainText" /><Field Id="10210" Label="ReceiveTime" Name="ReceiveTime" DataTypeName="Date Time" DataType="5" IsNullable="False" IsList="False" IsLookup="False" IsCoReadOnly="False" IsAutoUpdate="False" IsSequence="False" IsSystemField="False" /><Field Id="10211" Label="FromNumber" Name="FromNumber" DataTypeName="Text" DataType="2" IsNullable="False" IsList="False" IsLookup="False" IsCoReadOnly="False" IsAutoUpdate="False" IsSequence="False" IsSystemField="False" MaxLength="30" Pattern="" Usage="PlainText" /><Field Id="10212" Label="ContactID" Name="ContactID" DataTypeName="Integer" DataType="1" IsNullable="True" IsList="False" IsLookup="True" IsCoReadOnly="False" IsAutoUpdate="False" IsSequence="False" IsSystemField="False" /><Field Id="10213" Label="OptOutIndicator" Name="OptOutIndicator" DataTypeName="Yes/No" DataType="3" IsNullable="True" IsList="False" IsLookup="False" IsCoReadOnly="False" IsAutoUpdate="False" IsSequence="False" IsSystemField="False" /><Field Id="10214" Label="MessageType" Name="MessageType" DataTypeName="Text" DataType="2" IsNullable="True" IsList="False" IsLookup="False" IsCoReadOnly="False" IsAutoUpdate="False" IsSequence="False" IsSystemField="False" MaxLength="30" Pattern="" Usage="PlainText" /><Field Id="10215" Label="StatusOrExceptionCode" Name="StatusOrExceptionCode" DataTypeName="Text" DataType="2" IsNullable="True" IsList="False" IsLookup="False" IsCoReadOnly="False" IsAutoUpdate="False" IsSequence="False" IsSystemField="False" MaxLength="10" Pattern="" Usage="PlainText" /><Field Id="10216" Label="StatusOrExceptionReason" Name="StatusOrExceptionReason" DataTypeName="Text" DataType="2" IsNullable="True" IsList="False" IsLookup="False" IsCoReadOnly="False" IsAutoUpdate="False" IsSequence="False" IsSystemField="False" MaxLength="20" Pattern="" Usage="PlainText" /><Field Id="10217" Label="CampaignID" Name="CampaignID" DataTypeName="Integer" DataType="1" IsNullable="True" IsList="False" IsLookup="False" IsCoReadOnly="False" IsAutoUpdate="False" IsSequence="False" IsSystemField="False" /><Field Id="10218" Label="OutboundID" Name="OutboundID" DataTypeName="Integer" DataType="1" IsNullable="True" IsList="False" IsLookup="False" IsCoReadOnly="False" IsAutoUpdate="False" IsSequence="False" IsSystemField="False" /><Field Id="10219" Label="StatusOrExceptionDescription" Name="StatusOrExceptionDescription" DataTypeName="Text" DataType="2" IsNullable="True" IsList="False" IsLookup="False" IsCoReadOnly="False" IsAutoUpdate="False" IsSequence="False" IsSystemField="False" MaxLength="255" Pattern="" Usage="PlainText" /><Field Id="10220" Label="MessageBody" Name="MessageBody" DataTypeName="Text" DataType="2" IsNullable="True" IsList="False" IsLookup="False" IsCoReadOnly="False" IsAutoUpdate="False" IsSequence="False" IsSystemField="False" MaxLength="" Pattern="" Usage="LongText" /><Field Id="10288" Label="IncidentID" Name="IncidentID" DataTypeName="Integer" DataType="1" IsNullable="True" IsList="False" IsLookup="False" IsCoReadOnly="False" IsAutoUpdate="False" IsSequence="False" IsSystemField="False" /></Fields><Notes /></CustomObject><!--t5O72k/Lpjd2QYq8geeJ0hUg/uAM0e5rdA==-->