﻿<CustomObject Id="10027" Name="BLConsent" CoLabel="BLConsent" Description="" DesignerData="" IsAgentVisible="True" IsAnalyticsVisible="True" IsSubclass="False" IsMenu="False" IsMenuOnlyClass="False" HasLabels="False" HasDescription="False" HasNotes="False" HasFileAttachment="True" IsLogTransactionsEnabled="True" HasUserTransactions="False" HasSequence="False" AllowsSPMSuppression="False"><Package Name="BLDialogue" Id="6" /><InterfaceLabels><InterfaceLabel Language="en_US" Label="BLConsent" Description="" /><InterfaceLabel Language="en_US" Label="BLConsent" Description="" /></InterfaceLabels><Keys><Key Id="10078" KeyType="1"><Fields><Field Id="10289" /></Fields></Key><Key Id="10079" KeyType="3"><Fields><Field Id="10292" /></Fields></Key><Key Id="10080" KeyType="3"><Fields><Field Id="10295" /></Fields></Key></Keys><Fields><Field Id="10289" Label="ID" Description="System Field" Name="ID" DataTypeName="Integer" DataType="1" IsNullable="False" IsList="False" IsLookup="True" IsCoReadOnly="False" IsAutoUpdate="False" IsSequence="False" IsSystemField="True" /><Field Id="10290" Label="File Attachments" Description="File Attachments for the object" Name="FileAttachments" DataTypeName="Files" DataType="17" IsNullable="True" IsList="True" IsLookup="False" IsCoReadOnly="False" IsAutoUpdate="False" IsSequence="False" IsSystemField="True" /><Field Id="10291" Label="Date Created" Description="System Field" Name="CreatedTime" DataTypeName="Date Time" DataType="5" IsNullable="True" IsList="False" IsLookup="False" IsCoReadOnly="True" IsAutoUpdate="False" IsSequence="False" IsSystemField="True" ServerDefaultValue="curTime" /><Field Id="10292" Label="Contact" Name="ContactID" DataTypeName="Integer" DataType="1" IsNullable="True" IsList="False" IsLookup="False" IsCoReadOnly="False" IsAutoUpdate="False" IsSequence="False" IsSystemField="False" /><Field Id="10293" Label="HasConsented" Name="HasConsented" DataTypeName="Yes/No" DataType="3" IsNullable="False" IsList="False" IsLookup="False" IsCoReadOnly="False" IsAutoUpdate="False" IsSequence="False" IsSystemField="False" ServerDefaultValue="0" /><Field Id="10294" Label="ConsentTimeStamp" Name="ConsentTimeStamp" DataTypeName="Text" DataType="2" IsNullable="False" IsList="False" IsLookup="False" IsCoReadOnly="False" IsAutoUpdate="False" IsSequence="False" IsSystemField="False" MaxLength="250" Pattern="" Usage="PlainText" /><Field Id="10295" Label="Incident" Name="Incident" DataTypeName="Integer" DataType="1" IsNullable="True" IsList="False" IsLookup="False" IsCoReadOnly="False" IsAutoUpdate="False" IsSequence="False" IsSystemField="False" /><Field Id="10296" Label="IncidentID" Name="IncidentID" DataTypeName="Integer" DataType="1" IsNullable="False" IsList="False" IsLookup="False" IsCoReadOnly="False" IsAutoUpdate="False" IsSequence="False" IsSystemField="False" /></Fields><Notes /></CustomObject><!--AAJTneZQ2xoETQamQgYkDVwP2U2RhW2u9u42-->