﻿<CustomObject Id="10019" Name="BLAccount" CoLabel="BLAccount" Description="" DesignerData="" IsAgentVisible="True" IsAnalyticsVisible="True" IsSubclass="False" IsMenu="False" IsMenuOnlyClass="False" HasLabels="False" HasDescription="False" HasNotes="False" HasFileAttachment="False" IsLogTransactionsEnabled="True" HasUserTransactions="False" HasSequence="False" AllowsSPMSuppression="False"><Package Name="BLDialogue" Id="6" /><InterfaceLabels><InterfaceLabel Language="en_US" Label="BLAccount" Description="" /><InterfaceLabel Language="en_US" Label="BLAccount" Description="" /></InterfaceLabels><Keys><Key Id="10049" KeyType="1"><Fields><Field Id="10184" /></Fields></Key><Key Id="10050" KeyType="3"><Fields><Field Id="10185" /></Fields></Key></Keys><Fields><Field Id="10184" Label="ID" Description="System Field" Name="ID" DataTypeName="Integer" DataType="1" IsNullable="False" IsList="False" IsLookup="True" IsCoReadOnly="False" IsAutoUpdate="False" IsSequence="False" IsSystemField="True" /><Field Id="10185" Label="Updated By" Description="System Field" Name="UpdatedByAccount" DataTypeName="Menu" DataType="6" IsNullable="True" IsList="False" IsLookup="False" IsCoReadOnly="True" IsAutoUpdate="True" IsSequence="False" IsSystemField="True" ServerDefaultValue="curAdminUser" OptListId="2" /><Field Id="10186" Label="Date Last Updated" Description="System Field" Name="UpdatedTime" DataTypeName="Date Time" DataType="5" IsNullable="True" IsList="False" IsLookup="False" IsCoReadOnly="True" IsAutoUpdate="True" IsSequence="False" IsSystemField="True" ServerDefaultValue="curTime" /><Field Id="10187" Label="BLAccountSID" Name="BLAccountSID" DataTypeName="Text" DataType="2" IsNullable="True" IsList="False" IsLookup="False" IsCoReadOnly="False" IsAutoUpdate="False" IsSequence="False" IsSystemField="False" MaxLength="20" Pattern="" Usage="PlainText" /><Field Id="10188" Label="BLToken" Name="BLToken" DataTypeName="Text" DataType="2" IsNullable="True" IsList="False" IsLookup="False" IsCoReadOnly="False" IsAutoUpdate="False" IsSequence="False" IsSystemField="False" MaxLength="255" Pattern="" Usage="PlainText" /><Field Id="10189" Label="BLAccountPWD" Name="BLAccountPWD" DataTypeName="Text" DataType="2" IsNullable="True" IsList="False" IsLookup="False" IsCoReadOnly="False" IsAutoUpdate="False" IsSequence="False" IsSystemField="False" MaxLength="255" Pattern="" Usage="PlainText" /><Field Id="10190" Label="BLAccountURL" Name="BLAccountURL" DataTypeName="Text" DataType="2" IsNullable="True" IsList="False" IsLookup="False" IsCoReadOnly="False" IsAutoUpdate="False" IsSequence="False" IsSystemField="False" MaxLength="100" Pattern="" Usage="PlainText" /><Field Id="10298" Label="SMSIncidentInbound" Name="SMSIncidentInbound" DataTypeName="Yes/No" DataType="3" IsNullable="True" IsList="False" IsLookup="False" IsCoReadOnly="False" IsAutoUpdate="False" IsSequence="False" IsSystemField="False" /><Field Id="10299" Label="SMSIncidentInboundQueue" Name="SMSIncidentInboundQueue" DataTypeName="Text" DataType="2" IsNullable="True" IsList="False" IsLookup="False" IsCoReadOnly="False" IsAutoUpdate="False" IsSequence="False" IsSystemField="False" MaxLength="50" Pattern="" Usage="PlainText" /><Field Id="10300" Label="SMSIncidentInboundStatus" Name="SMSIncidentInboundStatus" DataTypeName="Text" DataType="2" IsNullable="True" IsList="False" IsLookup="False" IsCoReadOnly="False" IsAutoUpdate="False" IsSequence="False" IsSystemField="False" MaxLength="40" Pattern="" Usage="PlainText" /><Field Id="10301" Label="SMSIncidentInboundSubject" Name="SMSIncidentInboundSubject" DataTypeName="Text" DataType="2" IsNullable="True" IsList="False" IsLookup="False" IsCoReadOnly="False" IsAutoUpdate="False" IsSequence="False" IsSystemField="False" MaxLength="50" Pattern="" Usage="PlainText" /><Field Id="10302" Label="SMSIncidentOutboundQueue" Name="SMSIncidentOutboundQueue" DataTypeName="Text" DataType="2" IsNullable="True" IsList="False" IsLookup="False" IsCoReadOnly="False" IsAutoUpdate="False" IsSequence="False" IsSystemField="False" MaxLength="50" Pattern="" Usage="PlainText" /><Field Id="10303" Label="SMSIncidentOutboundStatus" Name="SMSIncidentOutboundStatus" DataTypeName="Text" DataType="2" IsNullable="True" IsList="False" IsLookup="False" IsCoReadOnly="False" IsAutoUpdate="False" IsSequence="False" IsSystemField="False" MaxLength="50" Pattern="" Usage="PlainText" /><Field Id="10304" Label="SMSIncidentOutboundSubject" Name="SMSIncidentOutboundSubject" DataTypeName="Text" DataType="2" IsNullable="True" IsList="False" IsLookup="False" IsCoReadOnly="False" IsAutoUpdate="False" IsSequence="False" IsSystemField="False" MaxLength="50" Pattern="" Usage="PlainText" /><Field Id="10305" Label="SMSMessagePrefix" Name="SMSMessagePrefix" DataTypeName="Text" DataType="2" IsNullable="True" IsList="False" IsLookup="False" IsCoReadOnly="False" IsAutoUpdate="False" IsSequence="False" IsSystemField="False" MaxLength="50" Pattern="" Usage="PlainText" /><Field Id="10306" Label="SMSMessageSuffix" Name="SMSMessageSuffix" DataTypeName="Text" DataType="2" IsNullable="True" IsList="False" IsLookup="False" IsCoReadOnly="False" IsAutoUpdate="False" IsSequence="False" IsSystemField="False" MaxLength="50" Pattern="" Usage="PlainText" /><Field Id="10307" Label="SMSIncidentOutbound" Name="SMSIncidentOutbound" DataTypeName="Yes/No" DataType="3" IsNullable="True" IsList="False" IsLookup="False" IsCoReadOnly="False" IsAutoUpdate="False" IsSequence="False" IsSystemField="False" /><Field Id="10308" Label="SMSOptOutKeyword" Name="SMSOptOutKeyword" DataTypeName="Text" DataType="2" IsNullable="True" IsList="False" IsLookup="False" IsCoReadOnly="False" IsAutoUpdate="False" IsSequence="False" IsSystemField="False" MaxLength="20" Pattern="" Usage="PlainText" /><Field Id="10309" Label="SMSOptInKeyword" Name="SMSOptInKeyword" DataTypeName="Text" DataType="2" IsNullable="True" IsList="False" IsLookup="False" IsCoReadOnly="False" IsAutoUpdate="False" IsSequence="False" IsSystemField="False" MaxLength="20" Pattern="" Usage="PlainText" /><Field Id="10310" Label="SMSOptOutMsg" Name="SMSOptOutMsg" DataTypeName="Text" DataType="2" IsNullable="True" IsList="False" IsLookup="False" IsCoReadOnly="False" IsAutoUpdate="False" IsSequence="False" IsSystemField="False" MaxLength="50" Pattern="" Usage="PlainText" /><Field Id="10311" Label="SMSOptInMsg" Name="SMSOptInMsg" DataTypeName="Text" DataType="2" IsNullable="True" IsList="False" IsLookup="False" IsCoReadOnly="False" IsAutoUpdate="False" IsSequence="False" IsSystemField="False" MaxLength="50" Pattern="" Usage="PlainText" /><Field Id="10312" Label="CustomerDomain" Name="CustomerDomain" DataTypeName="Text" DataType="2" IsNullable="True" IsList="False" IsLookup="False" IsCoReadOnly="False" IsAutoUpdate="False" IsSequence="False" IsSystemField="False" MaxLength="100" Pattern="" Usage="PlainText" /></Fields><Notes /></CustomObject><!--iLLr7zC5MyF3nx9fp2oGnVbrlbs0o0sdePc=-->