﻿<CustomObject Id="10026" Name="InteractionLog" CoLabel="InteractionLog" Description="" DesignerData="" IsAgentVisible="True" IsAnalyticsVisible="True" IsSubclass="False" IsMenu="False" IsMenuOnlyClass="False" HasLabels="False" HasDescription="False" HasNotes="False" HasFileAttachment="False" IsLogTransactionsEnabled="False" HasUserTransactions="False" HasSequence="False" AllowsSPMSuppression="False"><Package Name="BlueLeapCTI" Id="7" /><InterfaceLabels><InterfaceLabel Language="en_US" Label="InteractionLog" Description="" /><InterfaceLabel Language="en_US" Label="InteractionLog" Description="" /></InterfaceLabels><Keys><Key Id="10069" KeyType="1"><Fields><Field Id="10252" /></Fields></Key><Key Id="10070" KeyType="3"><Fields><Field Id="10268" /></Fields></Key><Key Id="10071" KeyType="3"><Fields><Field Id="10267" /></Fields></Key><Key Id="10072" KeyType="3"><Fields><Field Id="10271" /></Fields></Key><Key Id="10073" KeyType="3"><Fields><Field Id="10275" /></Fields></Key><Key Id="10074" KeyType="3"><Fields><Field Id="10276" /></Fields></Key></Keys><Fields><Field Id="10252" Label="ID" Description="System Field" Name="ID" DataTypeName="Integer" DataType="1" IsNullable="False" IsList="False" IsLookup="False" IsCoReadOnly="False" IsAutoUpdate="False" IsSequence="False" IsSystemField="True" /><Field Id="10253" Label="Date created" Description="System Field" Name="CreatedTime" DataTypeName="Date Time" DataType="5" IsNullable="True" IsList="False" IsLookup="False" IsCoReadOnly="True" IsAutoUpdate="False" IsSequence="False" IsSystemField="True" ServerDefaultValue="curTime" /><Field Id="10254" Label="StudentID" Name="Student_id" DataTypeName="Integer" DataType="1" IsNullable="True" IsList="False" IsLookup="False" IsCoReadOnly="False" IsAutoUpdate="False" IsSequence="False" IsSystemField="False" /><Field Id="10255" Label="Agent" Name="Agent" DataTypeName="Text" DataType="2" IsNullable="True" IsList="False" IsLookup="False" IsCoReadOnly="False" IsAutoUpdate="False" IsSequence="False" IsSystemField="False" MaxLength="100" Pattern="" Usage="PlainText" /><Field Id="10256" Label="Callid" Name="Call_id" DataTypeName="Text" DataType="2" IsNullable="True" IsList="False" IsLookup="False" IsCoReadOnly="False" IsAutoUpdate="False" IsSequence="False" IsSystemField="False" MaxLength="100" Pattern="" Usage="PlainText" /><Field Id="10257" Label="CV1" Name="CV1" DataTypeName="Text" DataType="2" IsNullable="True" IsList="False" IsLookup="False" IsCoReadOnly="False" IsAutoUpdate="False" IsSequence="False" IsSystemField="False" MaxLength="25" Pattern="" Usage="PlainText" /><Field Id="10258" Label="CV2" Name="CV2" DataTypeName="Text" DataType="2" IsNullable="True" IsList="False" IsLookup="False" IsCoReadOnly="False" IsAutoUpdate="False" IsSequence="False" IsSystemField="False" MaxLength="25" Pattern="" Usage="PlainText" /><Field Id="10259" Label="CV3" Name="CV3" DataTypeName="Text" DataType="2" IsNullable="True" IsList="False" IsLookup="False" IsCoReadOnly="False" IsAutoUpdate="False" IsSequence="False" IsSystemField="False" MaxLength="25" Pattern="" Usage="PlainText" /><Field Id="10260" Label="CV4" Name="CV4" DataTypeName="Text" DataType="2" IsNullable="True" IsList="False" IsLookup="False" IsCoReadOnly="False" IsAutoUpdate="False" IsSequence="False" IsSystemField="False" MaxLength="25" Pattern="" Usage="PlainText" /><Field Id="10261" Label="CV5" Name="CV5" DataTypeName="Text" DataType="2" IsNullable="True" IsList="False" IsLookup="False" IsCoReadOnly="False" IsAutoUpdate="False" IsSequence="False" IsSystemField="False" MaxLength="25" Pattern="" Usage="PlainText" /><Field Id="10262" Label="CV6" Name="CV6" DataTypeName="Text" DataType="2" IsNullable="True" IsList="False" IsLookup="False" IsCoReadOnly="False" IsAutoUpdate="False" IsSequence="False" IsSystemField="False" MaxLength="25" Pattern="" Usage="PlainText" /><Field Id="10263" Label="CV7" Name="CV7" DataTypeName="Text" DataType="2" IsNullable="True" IsList="False" IsLookup="False" IsCoReadOnly="False" IsAutoUpdate="False" IsSequence="False" IsSystemField="False" MaxLength="25" Pattern="" Usage="PlainText" /><Field Id="10264" Label="CV8" Name="CV8" DataTypeName="Text" DataType="2" IsNullable="True" IsList="False" IsLookup="False" IsCoReadOnly="False" IsAutoUpdate="False" IsSequence="False" IsSystemField="False" MaxLength="25" Pattern="" Usage="PlainText" /><Field Id="10265" Label="CV9" Name="CV9" DataTypeName="Text" DataType="2" IsNullable="True" IsList="False" IsLookup="False" IsCoReadOnly="False" IsAutoUpdate="False" IsSequence="False" IsSystemField="False" MaxLength="25" Pattern="" Usage="PlainText" /><Field Id="10266" Label="CV10" Name="CV10" DataTypeName="Text" DataType="2" IsNullable="True" IsList="False" IsLookup="False" IsCoReadOnly="False" IsAutoUpdate="False" IsSequence="False" IsSystemField="False" MaxLength="25" Pattern="" Usage="PlainText" /><Field Id="10267" Label="source" Name="CallSource" DataTypeName="Menu" DataType="6" IsNullable="True" IsList="False" IsLookup="False" IsCoReadOnly="False" IsAutoUpdate="False" IsSequence="False" IsSystemField="False" MenuClassId="10024" /><Field Id="10268" Label="Contact" Name="Contact_id" DataTypeName="Integer" DataType="1" IsNullable="True" IsList="False" IsLookup="True" IsCoReadOnly="False" IsAutoUpdate="False" IsSequence="False" IsSystemField="False" /><Field Id="10269" Label="StartDateTime" Name="Start" DataTypeName="Date Time" DataType="5" IsNullable="True" IsList="False" IsLookup="False" IsCoReadOnly="False" IsAutoUpdate="False" IsSequence="False" IsSystemField="False" /><Field Id="10270" Label="FinishDateTime" Name="Finish" DataTypeName="Date Time" DataType="5" IsNullable="True" IsList="False" IsLookup="False" IsCoReadOnly="False" IsAutoUpdate="False" IsSequence="False" IsSystemField="False" /><Field Id="10271" Label="CallStatusMenu" Name="CallStatus" DataTypeName="Menu" DataType="6" IsNullable="True" IsList="False" IsLookup="False" IsCoReadOnly="False" IsAutoUpdate="False" IsSequence="False" IsSystemField="False" MenuClassId="10025" /><Field Id="10272" Label="Duration" Name="Duration" DataTypeName="Integer" DataType="1" IsNullable="True" IsList="False" IsLookup="False" IsCoReadOnly="False" IsAutoUpdate="False" IsSequence="False" IsSystemField="False" /><Field Id="10273" Label="IncomingNumber" Name="IncomingNumber" DataTypeName="Text" DataType="2" IsNullable="True" IsList="False" IsLookup="False" IsCoReadOnly="False" IsAutoUpdate="False" IsSequence="False" IsSystemField="False" MaxLength="15" Pattern="" Usage="PlainText" /><Field Id="10274" Label="OutgoingNumber" Name="OutgoingNumber" DataTypeName="Text" DataType="2" IsNullable="True" IsList="False" IsLookup="False" IsCoReadOnly="False" IsAutoUpdate="False" IsSequence="False" IsSystemField="False" MaxLength="15" Pattern="" Usage="PlainText" /><Field Id="10275" Label="Incident_id" Name="Incident_id" DataTypeName="Integer" DataType="1" IsNullable="True" IsList="False" IsLookup="False" IsCoReadOnly="False" IsAutoUpdate="False" IsSequence="False" IsSystemField="False" /><Field Id="10276" Label="Agent_id" Name="Agent_id" DataTypeName="Integer" DataType="1" IsNullable="True" IsList="False" IsLookup="False" IsCoReadOnly="False" IsAutoUpdate="False" IsSequence="False" IsSystemField="False" /></Fields><Notes /></CustomObject><!--2rmoUmXm4m/DxbeL06AptBt2U9I/ba0eqWw=-->