﻿<CustomObject Id="2" Name="Contact" CoLabel="Contact" Description="Contact" DesignerData="" IsAgentVisible="True" IsAnalyticsVisible="True" IsSubclass="False" IsMenu="False" IsMenuOnlyClass="False" HasLabels="False" HasDescription="False" HasNotes="False" HasFileAttachment="False" IsLogTransactionsEnabled="False" HasUserTransactions="False" HasSequence="False" AllowsSPMSuppression="False"><Package Name="OracleServiceCloud" Id="3" /><InterfaceLabels><InterfaceLabel Language="en_US" Label="Contact" Description="Contact" /><InterfaceLabel Language="en_US" Label="Contact" Description="Contact" /></InterfaceLabels><Keys /><Fields><Field Id="10277" Label="sms_opt_out" Name="sms_opt_out" DataTypeName="Yes/No" DataType="3" IsNullable="True" IsList="False" IsLookup="False" IsCoReadOnly="False" IsAutoUpdate="False" IsSequence="False" IsSystemField="False" PackageId="6" PackageName="BLDialogue" /><Field Id="10278" Label="comtemp1" Name="comtemp1" DataTypeName="Text" DataType="2" IsNullable="True" IsList="False" IsLookup="False" IsCoReadOnly="False" IsAutoUpdate="False" IsSequence="False" IsSystemField="False" PackageId="6" PackageName="BLDialogue" MaxLength="40" Pattern="" Usage="PlainText" /><Field Id="10279" Label="comtemp2" Name="comtemp2" DataTypeName="Text" DataType="2" IsNullable="True" IsList="False" IsLookup="False" IsCoReadOnly="False" IsAutoUpdate="False" IsSequence="False" IsSystemField="False" PackageId="6" PackageName="BLDialogue" MaxLength="40" Pattern="" Usage="PlainText" /><Field Id="10280" Label="comtemp3" Name="comtemp3" DataTypeName="Text" DataType="2" IsNullable="True" IsList="False" IsLookup="False" IsCoReadOnly="False" IsAutoUpdate="False" IsSequence="False" IsSystemField="False" PackageId="6" PackageName="BLDialogue" MaxLength="40" Pattern="" Usage="PlainText" /><Field Id="10281" Label="comtemp4" Name="comtemp4" DataTypeName="Text" DataType="2" IsNullable="True" IsList="False" IsLookup="False" IsCoReadOnly="False" IsAutoUpdate="False" IsSequence="False" IsSystemField="False" PackageId="6" PackageName="BLDialogue" MaxLength="40" Pattern="" Usage="PlainText" /><Field Id="10282" Label="comtemp5" Name="comtemp5" DataTypeName="Text" DataType="2" IsNullable="True" IsList="False" IsLookup="False" IsCoReadOnly="False" IsAutoUpdate="False" IsSequence="False" IsSystemField="False" PackageId="6" PackageName="BLDialogue" MaxLength="40" Pattern="" Usage="PlainText" /><Field Id="10283" Label="comtemp6" Name="comtemp6" DataTypeName="Text" DataType="2" IsNullable="True" IsList="False" IsLookup="False" IsCoReadOnly="False" IsAutoUpdate="False" IsSequence="False" IsSystemField="False" PackageId="6" PackageName="BLDialogue" MaxLength="40" Pattern="" Usage="PlainText" /></Fields><Notes /></CustomObject><!--mykH7TrBbB+agUwX6k2Mio/DRxh598yiusQ=-->