﻿<CustomObject Id="10022" Name="BLMessageTemplate" CoLabel="BLMessageTemplate" Description="" DesignerData="" IsAgentVisible="True" IsAnalyticsVisible="True" IsSubclass="False" IsMenu="False" IsMenuOnlyClass="False" HasLabels="False" HasDescription="False" HasNotes="False" HasFileAttachment="False" IsLogTransactionsEnabled="True" HasUserTransactions="False" HasSequence="False" AllowsSPMSuppression="False"><Package Name="BLDialogue" Id="6" /><InterfaceLabels><InterfaceLabel Language="en_US" Label="BLMessageTemplate" Description="" /><InterfaceLabel Language="en_US" Label="BLMessageTemplate" Description="" /></InterfaceLabels><Keys><Key Id="10057" KeyType="1"><Fields><Field Id="10221" /></Fields></Key><Key Id="10058" KeyType="3"><Fields><Field Id="10223" /></Fields></Key><Key Id="10059" KeyType="3"><Fields><Field Id="10225" /></Fields></Key></Keys><Fields><Field Id="10221" Label="ID" Description="System Field" Name="ID" DataTypeName="Integer" DataType="1" IsNullable="False" IsList="False" IsLookup="True" IsCoReadOnly="False" IsAutoUpdate="False" IsSequence="False" IsSystemField="True" /><Field Id="10222" Label="Date Created" Description="System Field" Name="CreatedTime" DataTypeName="Date Time" DataType="5" IsNullable="True" IsList="False" IsLookup="False" IsCoReadOnly="True" IsAutoUpdate="False" IsSequence="False" IsSystemField="True" ServerDefaultValue="curTime" /><Field Id="10223" Label="Created By" Description="System Field" Name="CreatedByAccount" DataTypeName="Menu" DataType="6" IsNullable="True" IsList="False" IsLookup="False" IsCoReadOnly="True" IsAutoUpdate="False" IsSequence="False" IsSystemField="True" ServerDefaultValue="curAdminUser" OptListId="2" /><Field Id="10224" Label="Date Last Updated" Description="System Field" Name="UpdatedTime" DataTypeName="Date Time" DataType="5" IsNullable="True" IsList="False" IsLookup="False" IsCoReadOnly="True" IsAutoUpdate="True" IsSequence="False" IsSystemField="True" ServerDefaultValue="curTime" /><Field Id="10225" Label="Updated By" Description="System Field" Name="UpdatedByAccount" DataTypeName="Menu" DataType="6" IsNullable="True" IsList="False" IsLookup="False" IsCoReadOnly="True" IsAutoUpdate="True" IsSequence="False" IsSystemField="True" ServerDefaultValue="curAdminUser" OptListId="2" /><Field Id="10226" Label="MessageBody" Name="MessageBody" DataTypeName="Text" DataType="2" IsNullable="False" IsList="False" IsLookup="False" IsCoReadOnly="False" IsAutoUpdate="False" IsSequence="False" IsSystemField="False" MaxLength="" Pattern="" Usage="LongText" /><Field Id="10227" Label="TemplateName" Name="TemplateName" DataTypeName="Text" DataType="2" IsNullable="False" IsList="False" IsLookup="False" IsCoReadOnly="False" IsAutoUpdate="False" IsSequence="False" IsSystemField="False" MaxLength="100" Pattern="" Usage="PlainText" /><Field Id="10228" Label="CreatedByAgentID" Name="CreatedByAgentID" DataTypeName="Integer" DataType="1" IsNullable="False" IsList="False" IsLookup="False" IsCoReadOnly="False" IsAutoUpdate="False" IsSequence="False" IsSystemField="False" /></Fields><Notes /></CustomObject><!--dX6GRDgAc8Vq+yQmaCK03Yqm0t0mZmE3-->