﻿<CustomObject Id="10023" Name="BLOutboundMessage" CoLabel="BLOutboundMessage" Description="" DesignerData="" IsAgentVisible="True" IsAnalyticsVisible="True" IsSubclass="False" IsMenu="False" IsMenuOnlyClass="False" HasLabels="False" HasDescription="False" HasNotes="False" HasFileAttachment="False" IsLogTransactionsEnabled="False" HasUserTransactions="False" HasSequence="False" AllowsSPMSuppression="False"><Package Name="BLDialogue" Id="6" /><InterfaceLabels><InterfaceLabel Language="en_US" Label="BLOutboundMessage" Description="" /><InterfaceLabel Language="en_US" Label="BLOutboundMessage" Description="" /></InterfaceLabels><Keys><Key Id="10060" KeyType="1"><Fields><Field Id="10229" /></Fields></Key><Key Id="10061" KeyType="3"><Fields><Field Id="10234" /></Fields></Key><Key Id="10062" KeyType="3"><Fields><Field Id="10239" /></Fields></Key><Key Id="10063" KeyType="3"><Fields><Field Id="10233" /></Fields></Key><Key Id="10064" KeyType="3"><Fields><Field Id="10237" /></Fields></Key><Key Id="10081" KeyType="3"><Fields><Field Id="10235" /></Fields></Key></Keys><Fields><Field Id="10229" Label="ID" Description="System Field" Name="ID" DataTypeName="Integer" DataType="1" IsNullable="False" IsList="False" IsLookup="False" IsCoReadOnly="False" IsAutoUpdate="False" IsSequence="False" IsSystemField="True" /><Field Id="10230" Label="SendTime" Name="SendTime" DataTypeName="Date Time" DataType="5" IsNullable="True" IsList="False" IsLookup="False" IsCoReadOnly="False" IsAutoUpdate="False" IsSequence="False" IsSystemField="False" /><Field Id="10231" Label="BLAccountSID" Name="BLAccountSID" DataTypeName="Text" DataType="2" IsNullable="True" IsList="False" IsLookup="False" IsCoReadOnly="False" IsAutoUpdate="False" IsSequence="False" IsSystemField="False" MaxLength="20" Pattern="" Usage="PlainText" /><Field Id="10232" Label="CustomerDomain" Name="CustomerDomain" DataTypeName="Text" DataType="2" IsNullable="True" IsList="False" IsLookup="False" IsCoReadOnly="False" IsAutoUpdate="False" IsSequence="False" IsSystemField="False" MaxLength="100" Pattern="" Usage="PlainText" /><Field Id="10233" Label="AgentID" Name="AgentID" DataTypeName="Integer" DataType="1" IsNullable="True" IsList="False" IsLookup="False" IsCoReadOnly="False" IsAutoUpdate="False" IsSequence="False" IsSystemField="False" /><Field Id="10234" Label="ContactID" Name="ContactID" DataTypeName="Integer" DataType="1" IsNullable="True" IsList="False" IsLookup="True" IsCoReadOnly="False" IsAutoUpdate="False" IsSequence="False" IsSystemField="False" /><Field Id="10235" Label="ContactToNumber" Name="ContactToNumber" DataTypeName="Text" DataType="2" IsNullable="True" IsList="False" IsLookup="False" IsCoReadOnly="False" IsAutoUpdate="False" IsSequence="False" IsSystemField="False" MaxLength="100" Pattern="" Usage="PlainText" /><Field Id="10236" Label="ConversationSID" Name="ConversationSID" DataTypeName="Text" DataType="2" IsNullable="True" IsList="False" IsLookup="False" IsCoReadOnly="False" IsAutoUpdate="False" IsSequence="False" IsSystemField="False" MaxLength="60" Pattern="" Usage="PlainText" /><Field Id="10237" Label="IncidentID" Name="IncidentID" DataTypeName="Integer" DataType="1" IsNullable="True" IsList="False" IsLookup="False" IsCoReadOnly="False" IsAutoUpdate="False" IsSequence="False" IsSystemField="False" /><Field Id="10238" Label="AlphaNumeric" Name="AlphaNumeric" DataTypeName="Yes/No" DataType="3" IsNullable="True" IsList="False" IsLookup="False" IsCoReadOnly="False" IsAutoUpdate="False" IsSequence="False" IsSystemField="False" /><Field Id="10239" Label="CampaignID" Name="CampaignID" DataTypeName="Integer" DataType="1" IsNullable="True" IsList="False" IsLookup="False" IsCoReadOnly="False" IsAutoUpdate="False" IsSequence="False" IsSystemField="False" /><Field Id="10240" Label="MessageBody" Name="MessageBody" DataTypeName="Text" DataType="2" IsNullable="True" IsList="False" IsLookup="False" IsCoReadOnly="False" IsAutoUpdate="False" IsSequence="False" IsSystemField="False" MaxLength="" Pattern="" Usage="LongText" /><Field Id="10241" Label="MessageType" Name="MessageType" DataTypeName="Text" DataType="2" IsNullable="True" IsList="False" IsLookup="False" IsCoReadOnly="False" IsAutoUpdate="False" IsSequence="False" IsSystemField="False" MaxLength="30" Pattern="" Usage="PlainText" /><Field Id="10242" Label="StatusOrExceptionCode" Name="StatusOrExceptionCode" DataTypeName="Text" DataType="2" IsNullable="True" IsList="False" IsLookup="False" IsCoReadOnly="False" IsAutoUpdate="False" IsSequence="False" IsSystemField="False" MaxLength="10" Pattern="" Usage="PlainText" /><Field Id="10243" Label="StatusOrExceptionReason" Name="StatusOrExceptionReason" DataTypeName="Text" DataType="2" IsNullable="True" IsList="False" IsLookup="False" IsCoReadOnly="False" IsAutoUpdate="False" IsSequence="False" IsSystemField="False" MaxLength="20" Pattern="" Usage="PlainText" /><Field Id="10244" Label="OptOutOverride" Name="OptOutOverride" DataTypeName="Yes/No" DataType="3" IsNullable="True" IsList="False" IsLookup="False" IsCoReadOnly="False" IsAutoUpdate="False" IsSequence="False" IsSystemField="False" /><Field Id="10245" Label="StatusOrExceptionDescription" Name="StatusOrExceptionDescription" DataTypeName="Text" DataType="2" IsNullable="True" IsList="False" IsLookup="False" IsCoReadOnly="False" IsAutoUpdate="False" IsSequence="False" IsSystemField="False" MaxLength="255" Pattern="" Usage="PlainText" /></Fields><Notes /></CustomObject><!--xGO64uzGqatW/lIx48ZxAHexLWG3WqqhUydH-->