﻿<CustomObject Id="10024" Name="CallSourceMenu" CoLabel="CallSourceMenu" Description="" DesignerData="" IsAgentVisible="False" IsAnalyticsVisible="True" IsSubclass="False" IsMenu="True" IsMenuOnlyClass="True" HasLabels="False" HasDescription="False" HasNotes="False" HasFileAttachment="False" IsLogTransactionsEnabled="True" HasUserTransactions="False" HasSequence="True" AllowsSPMSuppression="True"><Package Name="BlueLeapCTI" Id="7" /><MenuItems><MenuItem IsLabelsMenu="False" Name="Finesse Media Bar" /><MenuItem IsLabelsMenu="False" Name="WebRTC Media Bar" /><MenuItem IsLabelsMenu="False" Name="WebRTC Portal" /></MenuItems><InterfaceLabels><InterfaceLabel Language="en_US" Label="CallSourceMenu" Description="" /><InterfaceLabel Language="en_US" Label="CallSourceMenu" Description="" /></InterfaceLabels><Keys><Key Id="10065" KeyType="1"><Fields><Field Id="10247" /></Fields></Key><Key Id="10066" KeyType="3"><Fields><Field Id="10248" /></Fields></Key></Keys><Fields><Field Id="10246" Label="DisplayOrder" Description="System Field" Name="DisplayOrder" DataTypeName="Integer" DataType="1" IsNullable="False" IsList="False" IsLookup="False" IsCoReadOnly="False" IsAutoUpdate="False" IsSequence="True" IsSystemField="True" /><Field Id="10247" Label="ID" Description="System Field" Name="ID" DataTypeName="Integer" DataType="1" IsNullable="False" IsList="False" IsLookup="False" IsCoReadOnly="False" IsAutoUpdate="False" IsSequence="False" IsSystemField="True" /><Field Id="10248" Label="Name" Description="System Field" Name="Name" DataTypeName="Text" DataType="2" IsNullable="False" IsList="False" IsLookup="True" IsCoReadOnly="False" IsAutoUpdate="False" IsSequence="False" IsSystemField="True" MaxLength="40" Pattern="" Usage="PlainText" /></Fields><Notes /></CustomObject><!--0Ed+9Q2cAIDNotM6SzYyMEooU4fISIbE-->