<?xml version="1.0" encoding="utf-8"?>
<analytics_core xmlns:xsi="http://www.w3.org/2001/XMLSchema-instance" xmlns:xsd="http://www.w3.org/2001/XMLSchema">
  <ac_id xmlns="urn:obj.api.rightnow.com">111341</ac_id>
  <ac_public xmlns="urn:obj.api.rightnow.com">true</ac_public>
  <ac_type xmlns="urn:obj.api.rightnow.com">1</ac_type>
  <aux xmlns="urn:obj.api.rightnow.com">1.0.10119,1.0.2,1.31.2,1.0.10118,1.0.10120,1.0.1</aux>
  <cdate_offset xsi:nil="true" xmlns="urn:obj.api.rightnow.com" />
  <co_version xsi:nil="true" xmlns="urn:obj.api.rightnow.com" />
  <created xmlns="urn:obj.api.rightnow.com">2018-08-31T01:57:49Z</created>
  <file_id xsi:nil="true" xmlns="urn:obj.api.rightnow.com" />
  <filters xmlns="urn:obj.api.rightnow.com">
    <filter_item>
      <applies_to xsi:nil="true" />
      <data_type>3</data_type>
      <fltr_id>1</fltr_id>
      <oper>1</oper>
      <optl_id xsi:nil="true" />
      <opts>1</opts>
      <revision>1</revision>
      <type>1</type>
      <val1>BLDialogue$BLInboundMessage.ContactID</val1>
      <val1_attrs>1</val1_attrs>
      <val1_col_refs>BLDialogue$BLInboundMessage.ContactID;10119</val1_col_refs>
      <val2 xsi:nil="true" />
      <val2_col_refs xsi:nil="true" />
      <xml_data>&lt;?xml version="1.0" encoding="utf-16"?&gt;
&lt;FilterXmlData xmlns:xsi="http://www.w3.org/2001/XMLSchema-instance" xmlns:xsd="http://www.w3.org/2001/XMLSchema"&gt;
  &lt;Prompt&gt;
    &lt;LabelStr&gt;ContactID&lt;/LabelStr&gt;
  &lt;/Prompt&gt;
  &lt;Name&gt;
    &lt;LabelStr&gt;ContactID&lt;/LabelStr&gt;
  &lt;/Name&gt;
  &lt;DisplayInSearchCriteria&gt;true&lt;/DisplayInSearchCriteria&gt;
&lt;/FilterXmlData&gt;</xml_data>
    </filter_item>
    <filter_item>
      <applies_to xsi:nil="true" />
      <data_type>5</data_type>
      <fltr_id>2</fltr_id>
      <oper>1</oper>
      <optl_id xsi:nil="true" />
      <opts>0</opts>
      <revision xsi:nil="true" />
      <type>1</type>
      <val1>BLDialogue$BLInboundMessage.StatusOrExceptionReason</val1>
      <val1_attrs>1</val1_attrs>
      <val1_col_refs>BLDialogue$BLInboundMessage.StatusOrExceptionReason;10119</val1_col_refs>
      <val2>Sent</val2>
      <val2_col_refs xsi:nil="true" />
      <xml_data>&lt;?xml version="1.0" encoding="utf-16"?&gt;
&lt;FilterXmlData xmlns:xsi="http://www.w3.org/2001/XMLSchema-instance" xmlns:xsd="http://www.w3.org/2001/XMLSchema"&gt;
  &lt;Prompt&gt;
    &lt;LabelStr&gt;Sent&lt;/LabelStr&gt;
  &lt;/Prompt&gt;
  &lt;Name&gt;
    &lt;LabelStr&gt;Sent&lt;/LabelStr&gt;
  &lt;/Name&gt;
  &lt;DisplayInSearchCriteria&gt;true&lt;/DisplayInSearchCriteria&gt;
&lt;/FilterXmlData&gt;</xml_data>
    </filter_item>
  </filters>
  <fltr_expr xmlns="urn:obj.api.rightnow.com">1 2 &amp;</fltr_expr>
  <folder_id xmlns="urn:obj.api.rightnow.com">118263</folder_id>
  <image xmlns="urn:obj.api.rightnow.com">8</image>
  <interface_id xmlns="urn:obj.api.rightnow.com">1</interface_id>
  <items xmlns="urn:obj.api.rightnow.com" />
  <label xmlns="urn:obj.api.rightnow.com">
    <lbl_item>
      <label>BLContactInboundSMS</label>
      <lang_id>16</lang_id>
    </lbl_item>
  </label>
  <nodes xmlns="urn:obj.api.rightnow.com">
    <node_item>
      <branch_col_link_idx xsi:nil="true" />
      <branch_tbl_idx xsi:nil="true" />
      <branch_type xsi:nil="true" />
      <charts />
      <cols>
        <cols_item>
          <calc_units xsi:nil="true" />
          <col_id>1</col_id>
          <col_rf>1</col_rf>
          <comp_opts xsi:nil="true" />
          <data_type>4</data_type>
          <display_order>1</display_order>
          <group_order xsi:nil="true" />
          <max_len xsi:nil="true" />
          <min_vuse>223</min_vuse>
          <opts xsi:nil="true" />
          <rpt_links />
          <sort_direction>2</sort_direction>
          <sort_order>1</sort_order>
          <trend_opts xsi:nil="true" />
          <type>1</type>
          <val>BLDialogue$BLInboundMessage.ReceiveTime</val>
          <val_attrs>1</val_attrs>
          <val_col_refs>BLDialogue$BLInboundMessage.ReceiveTime;10119</val_col_refs>
          <xml_data>&lt;?xml version="1.0" encoding="utf-16"?&gt;
&lt;ColumnXmlData xmlns:xsi="http://www.w3.org/2001/XMLSchema-instance" xmlns:xsd="http://www.w3.org/2001/XMLSchema"&gt;
  &lt;UnitType&gt;Auto&lt;/UnitType&gt;
  &lt;Header&gt;
    &lt;LabelStr&gt;Received&lt;/LabelStr&gt;
  &lt;/Header&gt;
  &lt;HeaderAlignment&gt;Near&lt;/HeaderAlignment&gt;
  &lt;DataAlignment&gt;Near&lt;/DataAlignment&gt;
  &lt;DateFormatType&gt;DateTime&lt;/DateFormatType&gt;
&lt;/ColumnXmlData&gt;</xml_data>
        </cols_item>
        <cols_item>
          <calc_units xsi:nil="true" />
          <col_id>2</col_id>
          <col_rf>2</col_rf>
          <comp_opts xsi:nil="true" />
          <data_type>5</data_type>
          <display_order>2</display_order>
          <group_order xsi:nil="true" />
          <max_len xsi:nil="true" />
          <min_vuse>223</min_vuse>
          <opts xsi:nil="true" />
          <rpt_links />
          <sort_direction xsi:nil="true" />
          <sort_order xsi:nil="true" />
          <trend_opts xsi:nil="true" />
          <type>1</type>
          <val>BLDialogue$BLInboundMessage.FromNumber</val>
          <val_attrs>1</val_attrs>
          <val_col_refs>BLDialogue$BLInboundMessage.FromNumber;10119</val_col_refs>
          <xml_data>&lt;?xml version="1.0" encoding="utf-16"?&gt;
&lt;ColumnXmlData xmlns:xsi="http://www.w3.org/2001/XMLSchema-instance" xmlns:xsd="http://www.w3.org/2001/XMLSchema"&gt;
  &lt;UnitType&gt;Auto&lt;/UnitType&gt;
  &lt;Header&gt;
    &lt;LabelStr&gt;FromNumber&lt;/LabelStr&gt;
  &lt;/Header&gt;
  &lt;HeaderAlignment&gt;Near&lt;/HeaderAlignment&gt;
  &lt;DataAlignment&gt;Near&lt;/DataAlignment&gt;
&lt;/ColumnXmlData&gt;</xml_data>
        </cols_item>
        <cols_item>
          <calc_units xsi:nil="true" />
          <col_id>3</col_id>
          <col_rf>3</col_rf>
          <comp_opts xsi:nil="true" />
          <data_type>6</data_type>
          <display_order>3</display_order>
          <group_order xsi:nil="true" />
          <max_len xsi:nil="true" />
          <min_vuse>157</min_vuse>
          <opts xsi:nil="true" />
          <rpt_links />
          <sort_direction xsi:nil="true" />
          <sort_order xsi:nil="true" />
          <trend_opts xsi:nil="true" />
          <type>1</type>
          <val>BLDialogue$BLInboundMessage.MessageBody</val>
          <val_attrs>1</val_attrs>
          <val_col_refs>BLDialogue$BLInboundMessage.MessageBody;10119</val_col_refs>
          <xml_data>&lt;?xml version="1.0" encoding="utf-16"?&gt;
&lt;ColumnXmlData xmlns:xsi="http://www.w3.org/2001/XMLSchema-instance" xmlns:xsd="http://www.w3.org/2001/XMLSchema"&gt;
  &lt;UnitType&gt;Percentage&lt;/UnitType&gt;
  &lt;Header&gt;
    &lt;LabelStr&gt;Message&lt;/LabelStr&gt;
  &lt;/Header&gt;
  &lt;Width&gt;85.5875854&lt;/Width&gt;
  &lt;HeaderAlignment&gt;Near&lt;/HeaderAlignment&gt;
  &lt;DataAlignment&gt;Near&lt;/DataAlignment&gt;
&lt;/ColumnXmlData&gt;</xml_data>
        </cols_item>
        <cols_item>
          <calc_units xsi:nil="true" />
          <col_id>4</col_id>
          <col_rf>4</col_rf>
          <comp_opts xsi:nil="true" />
          <data_type>3</data_type>
          <display_order>4</display_order>
          <group_order xsi:nil="true" />
          <max_len xsi:nil="true" />
          <min_vuse>223</min_vuse>
          <opts xsi:nil="true" />
          <rpt_links />
          <sort_direction xsi:nil="true" />
          <sort_order xsi:nil="true" />
          <trend_opts xsi:nil="true" />
          <type>1</type>
          <val>BLDialogue$BLInboundMessage.CampaignID</val>
          <val_attrs>1</val_attrs>
          <val_col_refs>BLDialogue$BLInboundMessage.CampaignID;10119</val_col_refs>
          <xml_data>&lt;?xml version="1.0" encoding="utf-16"?&gt;
&lt;ColumnXmlData xmlns:xsi="http://www.w3.org/2001/XMLSchema-instance" xmlns:xsd="http://www.w3.org/2001/XMLSchema"&gt;
  &lt;UnitType&gt;Auto&lt;/UnitType&gt;
  &lt;Header&gt;
    &lt;LabelStr&gt;Campaign&lt;/LabelStr&gt;
  &lt;/Header&gt;
  &lt;NumberFormat&gt;
    &lt;NumberType&gt;Number&lt;/NumberType&gt;
  &lt;/NumberFormat&gt;
  &lt;HeaderAlignment&gt;Far&lt;/HeaderAlignment&gt;
  &lt;DataAlignment&gt;Far&lt;/DataAlignment&gt;
  &lt;FormatOptions&gt;DisplayNullValuesBlank&lt;/FormatOptions&gt;
  &lt;URLText /&gt;
  &lt;URLTarget /&gt;
&lt;/ColumnXmlData&gt;</xml_data>
        </cols_item>
        <cols_item>
          <calc_units xsi:nil="true" />
          <col_id>5</col_id>
          <col_rf>5</col_rf>
          <comp_opts xsi:nil="true" />
          <data_type>3</data_type>
          <display_order>5</display_order>
          <group_order xsi:nil="true" />
          <max_len xsi:nil="true" />
          <min_vuse>223</min_vuse>
          <opts xsi:nil="true" />
          <rpt_links />
          <sort_direction xsi:nil="true" />
          <sort_order xsi:nil="true" />
          <trend_opts xsi:nil="true" />
          <type>1</type>
          <val>BLDialogue$BLInboundMessage.IncidentID</val>
          <val_attrs>1</val_attrs>
          <val_col_refs>BLDialogue$BLInboundMessage.IncidentID;10119</val_col_refs>
          <xml_data>&lt;?xml version="1.0" encoding="utf-16"?&gt;
&lt;ColumnXmlData xmlns:xsi="http://www.w3.org/2001/XMLSchema-instance" xmlns:xsd="http://www.w3.org/2001/XMLSchema"&gt;
  &lt;UnitType&gt;Auto&lt;/UnitType&gt;
  &lt;Header&gt;
    &lt;LabelStr&gt;Incident&lt;/LabelStr&gt;
  &lt;/Header&gt;
  &lt;NumberFormat&gt;
    &lt;NumberType&gt;Number&lt;/NumberType&gt;
  &lt;/NumberFormat&gt;
  &lt;HeaderAlignment&gt;Far&lt;/HeaderAlignment&gt;
  &lt;DataAlignment&gt;Far&lt;/DataAlignment&gt;
  &lt;FormatOptions&gt;DisplayNullValuesBlank&lt;/FormatOptions&gt;
&lt;/ColumnXmlData&gt;</xml_data>
        </cols_item>
      </cols>
      <excepts>
        <excepts_item>
          <chart_line_color xsi:nil="true" />
          <col_id xsi:nil="true" />
          <col_refs>BLDialogue$BLInboundMessage.MessageType;10119</col_refs>
          <data_type>5</data_type>
          <e_id>1</e_id>
          <oper>1</oper>
          <optl_id xsi:nil="true" />
          <opts>3</opts>
          <val1>BLDialogue$BLInboundMessage.MessageType</val1>
          <val1_attrs>1</val1_attrs>
          <val2>Message Campaign</val2>
          <xml_data>&lt;?xml version="1.0" encoding="utf-16"?&gt;
&lt;ExceptionXmlData xmlns:xsi="http://www.w3.org/2001/XMLSchema-instance" xmlns:xsd="http://www.w3.org/2001/XMLSchema"&gt;
  &lt;ImageColorString&gt;FF0000FF&lt;/ImageColorString&gt;
  &lt;Name&gt;
    &lt;LabelStr&gt;Message Campaign&lt;/LabelStr&gt;
  &lt;/Name&gt;
  &lt;TabDatamark&gt;Flag&lt;/TabDatamark&gt;
&lt;/ExceptionXmlData&gt;</xml_data>
        </excepts_item>
        <excepts_item>
          <chart_line_color xsi:nil="true" />
          <col_id xsi:nil="true" />
          <col_refs>BLDialogue$BLInboundMessage.OptOutIndicator;10119</col_refs>
          <data_type>1</data_type>
          <e_id>2</e_id>
          <oper>1</oper>
          <optl_id>16777217</optl_id>
          <opts>3</opts>
          <val1>BLDialogue$BLInboundMessage.OptOutIndicator</val1>
          <val1_attrs>1</val1_attrs>
          <val2>1</val2>
          <xml_data>&lt;?xml version="1.0" encoding="utf-16"?&gt;
&lt;ExceptionXmlData xmlns:xsi="http://www.w3.org/2001/XMLSchema-instance" xmlns:xsd="http://www.w3.org/2001/XMLSchema"&gt;
  &lt;ImageColorString&gt;FFFF8040&lt;/ImageColorString&gt;
  &lt;Name&gt;
    &lt;LabelStr&gt;OptOutIndicator&lt;/LabelStr&gt;
  &lt;/Name&gt;
  &lt;TabDatamark&gt;Circle&lt;/TabDatamark&gt;
&lt;/ExceptionXmlData&gt;</xml_data>
        </excepts_item>
      </excepts>
      <filters />
      <fltr_expr xsi:nil="true" />
      <group_by_col_idx xsi:nil="true" />
      <group_type>0</group_type>
      <having_expr xsi:nil="true" />
      <having_filters />
      <n_id>1</n_id>
      <opts>0</opts>
      <parent_node_idx xsi:nil="true" />
      <row_limit xsi:nil="true" />
      <scripts />
      <starting_level xsi:nil="true" />
      <style_id>12</style_id>
      <xml_data>&lt;?xml version="1.0" encoding="utf-16"?&gt;
&lt;NodeXmlData xmlns:xsi="http://www.w3.org/2001/XMLSchema-instance" xmlns:xsd="http://www.w3.org/2001/XMLSchema"&gt;
  &lt;Sections&gt;
    &lt;ReportSection&gt;
      &lt;Height&gt;75&lt;/Height&gt;
      &lt;SectionType&gt;DockedFilters&lt;/SectionType&gt;
      &lt;StyleType&gt;DockedFiltersArea&lt;/StyleType&gt;
      &lt;LayoutType&gt;Fixed&lt;/LayoutType&gt;
      &lt;AutoHeight&gt;false&lt;/AutoHeight&gt;
      &lt;Visible&gt;true&lt;/Visible&gt;
    &lt;/ReportSection&gt;
    &lt;ReportSection&gt;
      &lt;Fields&gt;
        &lt;ReportField xsi:type="ReportTextField"&gt;
          &lt;Padding&gt;
            &lt;Bottom&gt;1&lt;/Bottom&gt;
            &lt;Left&gt;1&lt;/Left&gt;
            &lt;Right&gt;1&lt;/Right&gt;
            &lt;Top&gt;0&lt;/Top&gt;
          &lt;/Padding&gt;
          &lt;StyleType&gt;CurrentDate&lt;/StyleType&gt;
          &lt;AnchorStyles&gt;Top Right&lt;/AnchorStyles&gt;
          &lt;AutoSize&gt;true&lt;/AutoSize&gt;
          &lt;TextAlign&gt;Far&lt;/TextAlign&gt;
          &lt;LineAlign&gt;Center&lt;/LineAlign&gt;
          &lt;TextType&gt;CurrentDate&lt;/TextType&gt;
        &lt;/ReportField&gt;
      &lt;/Fields&gt;
      &lt;Height&gt;25&lt;/Height&gt;
      &lt;SectionType&gt;PageHeader&lt;/SectionType&gt;
      &lt;StyleType&gt;PageHeader&lt;/StyleType&gt;
      &lt;LayoutType&gt;Fixed&lt;/LayoutType&gt;
      &lt;AutoHeight&gt;false&lt;/AutoHeight&gt;
      &lt;Visible&gt;false&lt;/Visible&gt;
    &lt;/ReportSection&gt;
    &lt;ReportSection&gt;
      &lt;Height&gt;80&lt;/Height&gt;
      &lt;SectionType&gt;ReportHeader&lt;/SectionType&gt;
      &lt;StyleType&gt;ReportHeader&lt;/StyleType&gt;
      &lt;LayoutType&gt;Fixed&lt;/LayoutType&gt;
      &lt;AutoHeight&gt;false&lt;/AutoHeight&gt;
      &lt;Visible&gt;false&lt;/Visible&gt;
    &lt;/ReportSection&gt;
    &lt;ReportSection&gt;
      &lt;Height&gt;-1&lt;/Height&gt;
      &lt;SectionType&gt;Descriptions&lt;/SectionType&gt;
      &lt;StyleType&gt;DefinitionArea&lt;/StyleType&gt;
      &lt;LayoutType&gt;Fixed&lt;/LayoutType&gt;
      &lt;AutoHeight&gt;false&lt;/AutoHeight&gt;
      &lt;Visible&gt;true&lt;/Visible&gt;
    &lt;/ReportSection&gt;
    &lt;ReportSection&gt;
      &lt;Height&gt;-1&lt;/Height&gt;
      &lt;SectionType&gt;SearchCriteria&lt;/SectionType&gt;
      &lt;StyleType&gt;SearchCriteriaArea&lt;/StyleType&gt;
      &lt;LayoutType&gt;Fixed&lt;/LayoutType&gt;
      &lt;AutoHeight&gt;false&lt;/AutoHeight&gt;
      &lt;Visible&gt;false&lt;/Visible&gt;
    &lt;/ReportSection&gt;
    &lt;ReportSection&gt;
      &lt;Height&gt;250&lt;/Height&gt;
      &lt;SectionType&gt;Charts&lt;/SectionType&gt;
      &lt;StyleType&gt;ChartArea&lt;/StyleType&gt;
      &lt;LayoutType&gt;Fixed&lt;/LayoutType&gt;
      &lt;AutoHeight&gt;false&lt;/AutoHeight&gt;
      &lt;Visible&gt;false&lt;/Visible&gt;
    &lt;/ReportSection&gt;
    &lt;ReportSection&gt;
      &lt;Height&gt;-1&lt;/Height&gt;
      &lt;SectionType&gt;DataArea&lt;/SectionType&gt;
      &lt;StyleType&gt;DataArea&lt;/StyleType&gt;
      &lt;LayoutType&gt;Fixed&lt;/LayoutType&gt;
      &lt;AutoHeight&gt;false&lt;/AutoHeight&gt;
      &lt;Visible&gt;true&lt;/Visible&gt;
    &lt;/ReportSection&gt;
    &lt;ReportSection&gt;
      &lt;Height&gt;40&lt;/Height&gt;
      &lt;SectionType&gt;ReportFooter&lt;/SectionType&gt;
      &lt;StyleType&gt;ReportFooter&lt;/StyleType&gt;
      &lt;LayoutType&gt;Fixed&lt;/LayoutType&gt;
      &lt;AutoHeight&gt;false&lt;/AutoHeight&gt;
      &lt;Visible&gt;false&lt;/Visible&gt;
    &lt;/ReportSection&gt;
    &lt;ReportSection&gt;
      &lt;Height&gt;-1&lt;/Height&gt;
      &lt;SectionType&gt;Exceptions&lt;/SectionType&gt;
      &lt;StyleType&gt;ExceptionsArea&lt;/StyleType&gt;
      &lt;LayoutType&gt;Fixed&lt;/LayoutType&gt;
      &lt;AutoHeight&gt;false&lt;/AutoHeight&gt;
      &lt;Visible&gt;true&lt;/Visible&gt;
    &lt;/ReportSection&gt;
    &lt;ReportSection&gt;
      &lt;Fields&gt;
        &lt;ReportField xsi:type="ReportTextField"&gt;
          &lt;Padding&gt;
            &lt;Bottom&gt;1&lt;/Bottom&gt;
            &lt;Left&gt;1&lt;/Left&gt;
            &lt;Right&gt;1&lt;/Right&gt;
            &lt;Top&gt;0&lt;/Top&gt;
          &lt;/Padding&gt;
          &lt;StyleType&gt;PageNumber&lt;/StyleType&gt;
          &lt;AnchorStyles&gt;Top Right&lt;/AnchorStyles&gt;
          &lt;AutoSize&gt;true&lt;/AutoSize&gt;
          &lt;TextAlign&gt;Far&lt;/TextAlign&gt;
          &lt;LineAlign&gt;Center&lt;/LineAlign&gt;
          &lt;TextType&gt;PageNumber&lt;/TextType&gt;
        &lt;/ReportField&gt;
      &lt;/Fields&gt;
      &lt;Height&gt;29&lt;/Height&gt;
      &lt;SectionType&gt;PageFooter&lt;/SectionType&gt;
      &lt;StyleType&gt;PageFooter&lt;/StyleType&gt;
      &lt;LayoutType&gt;Fixed&lt;/LayoutType&gt;
      &lt;AutoHeight&gt;false&lt;/AutoHeight&gt;
      &lt;Visible&gt;false&lt;/Visible&gt;
    &lt;/ReportSection&gt;
  &lt;/Sections&gt;
  &lt;PageWidthOptions&gt;
    &lt;WidthType&gt;FitInWindow&lt;/WidthType&gt;
  &lt;/PageWidthOptions&gt;
  &lt;PageReport&gt;false&lt;/PageReport&gt;
  &lt;Name&gt;
    &lt;LabelStr&gt;Grid Report&lt;/LabelStr&gt;
  &lt;/Name&gt;
  &lt;SearchCriteriaStyle&gt;None&lt;/SearchCriteriaStyle&gt;
  &lt;OutputDescriptionStyle&gt;Rollover&lt;/OutputDescriptionStyle&gt;
  &lt;DisplayOptions&gt;ShowDataAreaAsGrid&lt;/DisplayOptions&gt;
  &lt;CustomPrimaryRecordCommand&gt;
    &lt;IDType&gt;None&lt;/IDType&gt;
    &lt;CustomIDType&gt;10119&lt;/CustomIDType&gt;
    &lt;NewAssociatedIDType&gt;None&lt;/NewAssociatedIDType&gt;
    &lt;CommandType&gt;Edit&lt;/CommandType&gt;
  &lt;/CustomPrimaryRecordCommand&gt;
  &lt;CustomBuiPrimaryRecordCommand&gt;
    &lt;IDType&gt;None&lt;/IDType&gt;
    &lt;CustomIDType&gt;10119&lt;/CustomIDType&gt;
    &lt;NewAssociatedIDType&gt;None&lt;/NewAssociatedIDType&gt;
    &lt;CommandType&gt;None&lt;/CommandType&gt;
  &lt;/CustomBuiPrimaryRecordCommand&gt;
  &lt;PageSettings&gt;
    &lt;PrintMargin&gt;Normal&lt;/PrintMargin&gt;
    &lt;Landscape&gt;false&lt;/Landscape&gt;
    &lt;PrintToFit&gt;false&lt;/PrintToFit&gt;
  &lt;/PageSettings&gt;
&lt;/NodeXmlData&gt;</xml_data>
    </node_item>
  </nodes>
  <notes xsi:nil="true" xmlns="urn:obj.api.rightnow.com" />
  <opts xmlns="urn:obj.api.rightnow.com">4</opts>
  <owner_acct_id xmlns="urn:obj.api.rightnow.com">877177</owner_acct_id>
  <params xmlns="urn:obj.api.rightnow.com" />
  <perms xmlns="urn:obj.api.rightnow.com" />
  <rpt xmlns="urn:obj.api.rightnow.com" />
  <run_vals xmlns="urn:obj.api.rightnow.com" />
  <schedules xmlns="urn:obj.api.rightnow.com" />
  <style_id xsi:nil="true" xmlns="urn:obj.api.rightnow.com" />
  <tables xmlns="urn:obj.api.rightnow.com">
    <table_item>
      <alias>BLDialogue$BLInboundMessage</alias>
      <join_def_enum xsi:nil="true" />
      <join_def_idx xsi:nil="true" />
      <join_filters />
      <join_fltr_expr xsi:nil="true" />
      <join_to_tbl_idx xsi:nil="true" />
      <join_type xsi:nil="true" />
      <tbl>10119</tbl>
      <tbl_id>1</tbl_id>
    </table_item>
  </tables>
  <time_zone xmlns="urn:obj.api.rightnow.com">0</time_zone>
  <updated xmlns="urn:obj.api.rightnow.com">2018-09-13T09:54:45Z</updated>
  <version xmlns="urn:obj.api.rightnow.com">0</version>
  <version_detail xmlns="urn:obj.api.rightnow.com">
    <is_live>true</is_live>
  </version_detail>
  <xml_data xmlns="urn:obj.api.rightnow.com">&lt;?xml version="1.0" encoding="utf-16"?&gt;
&lt;AnalyticsCoreXmlData xmlns:xsi="http://www.w3.org/2001/XMLSchema-instance" xmlns:xsd="http://www.w3.org/2001/XMLSchema"&gt;
  &lt;AutoRefreshOptions /&gt;
  &lt;CustomRecordCommands&gt;
    &lt;CustomRecordCommand&gt;
      &lt;IDType&gt;None&lt;/IDType&gt;
      &lt;CustomIDType&gt;10119&lt;/CustomIDType&gt;
      &lt;NewAssociatedIDType&gt;None&lt;/NewAssociatedIDType&gt;
      &lt;CommandType&gt;Edit&lt;/CommandType&gt;
      &lt;CustomRecordTypeName&gt;BLDialogue$BLInboundMessage&lt;/CustomRecordTypeName&gt;
    &lt;/CustomRecordCommand&gt;
  &lt;/CustomRecordCommands&gt;
  &lt;FilterLayoutInfo /&gt;
&lt;/AnalyticsCoreXmlData&gt;</xml_data>
  <xml_report xsi:nil="true" xmlns="urn:obj.api.rightnow.com" />
</analytics_core>
Version: 
hbOXfN223Gg8+JudIPpJJqkg9LySZ8kdTxg=
